central,fecha (mm-aaaa),caudal (m^3/s)
abanico,01-1960,4.29262000000001
abanico,02-1960,3.64634000000002
abanico,03-1960,3.30553500000004
abanico,04-1960,3.9988599999999503
abanico,05-1960,4.355499999999999
abanico,06-1960,5.379450000000029
abanico,07-1960,6.16157500000002
abanico,08-1960,4.06477000000003
abanico,09-1960,4.693725000000021
abanico,10-1960,4.69724999999998
abanico,11-1960,6.14462499999993
abanico,12-1960,5.726174999999991
abanico,01-1961,2.31443822580644
abanico,02-1961,2.08590535714284
abanico,03-1961,1.7671440322580398
abanico,04-1961,2.9199750000000106
abanico,05-1961,2.61995000000002
abanico,06-1961,3.4716000000000204
abanico,07-1961,2.87670999999999
abanico,08-1961,2.59568999999996
abanico,09-1961,2.8072199999999796
abanico,10-1961,2.64341999999998
abanico,11-1961,2.7377399999999796
abanico,12-1961,2.0064243548386997
abanico,01-1962,2.1
abanico,02-1962,2.2
abanico,03-1962,2.1000000000000005
abanico,04-1962,3.2
abanico,05-1962,2.2
abanico,06-1962,2.3
abanico,07-1962,2.1
abanico,08-1962,3.1
abanico,09-1962,2.9
abanico,10-1962,3.2
abanico,11-1962,2.7
abanico,12-1962,2.2
abanico,01-1963,3.8
abanico,02-1963,3.3
abanico,03-1963,2.9
abanico,04-1963,1.9
abanico,05-1963,1.8000000000000003
abanico,06-1963,2.2
abanico,07-1963,3.1000000000000005
abanico,08-1963,3.1
abanico,09-1963,3.1000000000000005
abanico,10-1963,3.7
abanico,11-1963,5.1
abanico,12-1963,4.7
abanico,01-1964,3.5
abanico,02-1964,3.0999999999999996
abanico,03-1964,2.7
abanico,04-1964,2.3
abanico,05-1964,2.2
abanico,06-1964,2.3
abanico,07-1964,2.4
abanico,08-1964,2.6
abanico,09-1964,3.0000000000000004
abanico,10-1964,3.7999999999999994
abanico,11-1964,3.9999999999999996
abanico,12-1964,3.8000000000000007
abanico,01-1965,4.8
abanico,02-1965,4.000000000000001
abanico,03-1965,3.4000000000000004
abanico,04-1965,3.6000000000000005
abanico,05-1965,4.3
abanico,06-1965,5.800000000000001
abanico,07-1965,5.1
abanico,08-1965,4.6
abanico,09-1965,4.2
abanico,10-1965,3.7
abanico,11-1965,6.5
abanico,12-1965,7.699999999999999
abanico,01-1966,6.000000000000001
abanico,02-1966,4.5
abanico,03-1966,3.7
abanico,04-1966,3.2
abanico,05-1966,3.8999999999999995
abanico,06-1966,3.8
abanico,07-1966,4.900000000000001
abanico,08-1966,3.5
abanico,09-1966,3.6
abanico,10-1966,4.5
abanico,11-1966,5.6
abanico,12-1966,7.4
abanico,01-1967,3.0
abanico,02-1967,2.8
abanico,03-1967,2.6
abanico,04-1967,3.0
abanico,05-1967,3.7
abanico,06-1967,3.5
abanico,07-1967,2.7
abanico,08-1967,3.8
abanico,09-1967,3.7000000000000006
abanico,10-1967,5.700000000000001
abanico,11-1967,5.6000000000000005
abanico,12-1967,4.8
abanico,01-1968,2.3000000000000003
abanico,02-1968,2.3000000000000003
abanico,03-1968,2.3999999999999995
abanico,04-1968,2.3999999999999995
abanico,05-1968,2.3
abanico,06-1968,2.4
abanico,07-1968,2.5
abanico,08-1968,2.8
abanico,09-1968,2.8
abanico,10-1968,3.0
abanico,11-1968,3.1
abanico,12-1968,2.8
abanico,01-1969,3.8000000000000003
abanico,02-1969,3.3
abanico,03-1969,3.0999999999999996
abanico,04-1969,2.6000000000000005
abanico,05-1969,4.0
abanico,06-1969,6.699999999999999
abanico,07-1969,4.8
abanico,08-1969,5.400000000000001
abanico,09-1969,5.500000000000001
abanico,10-1969,4.300000000000001
abanico,11-1969,6.5
abanico,12-1969,5.199999999999999
abanico,01-1970,3.500000000000001
abanico,02-1970,3.399999999999999
abanico,03-1970,4.0
abanico,04-1970,1.9
abanico,05-1970,2.7
abanico,06-1970,3.6
abanico,07-1970,3.0
abanico,08-1970,3.2000000000000006
abanico,09-1970,3.0
abanico,10-1970,3.7
abanico,11-1970,4.4
abanico,12-1970,4.4
abanico,01-1971,3.8999999999999995
abanico,02-1971,3.1000000000000005
abanico,03-1971,2.9000000000000004
abanico,04-1971,2.4000000000000004
abanico,05-1971,2.9
abanico,06-1971,3.2
abanico,07-1971,3.8999999999999995
abanico,08-1971,4.3
abanico,09-1971,3.4000000000000004
abanico,10-1971,4.4
abanico,11-1971,4.3
abanico,12-1971,3.8999999999999995
abanico,01-1972,4.0
abanico,02-1972,3.1000000000000005
abanico,03-1972,3.0
abanico,04-1972,3.3000000000000003
abanico,05-1972,6.1
abanico,06-1972,6.500000000000001
abanico,07-1972,5.1
abanico,08-1972,5.299999999999999
abanico,09-1972,5.1
abanico,10-1972,6.1
abanico,11-1972,6.800000000000001
abanico,12-1972,6.300000000000002
abanico,01-1973,3.3
abanico,02-1973,3.0
abanico,03-1973,2.7
abanico,04-1973,2.5
abanico,05-1973,3.5
abanico,06-1973,3.4
abanico,07-1973,3.7
abanico,08-1973,3.0
abanico,09-1973,3.0
abanico,10-1973,3.2999999999999994
abanico,11-1973,3.9
abanico,12-1973,2.8
abanico,01-1974,2.8
abanico,02-1974,3.0
abanico,03-1974,2.2
abanico,04-1974,2.1
abanico,05-1974,2.6
abanico,06-1974,3.5
abanico,07-1974,2.8
abanico,08-1974,2.9
abanico,09-1974,2.7999999999999994
abanico,10-1974,3.8999999999999995
abanico,11-1974,4.6
abanico,12-1974,4.1
abanico,01-1975,6.1
abanico,02-1975,5.499999999999999
abanico,03-1975,4.9
abanico,04-1975,2.6
abanico,05-1975,4.0
abanico,06-1975,4.9
abanico,07-1975,6.5
abanico,08-1975,5.4
abanico,09-1975,4.7
abanico,10-1975,5.6
abanico,11-1975,7.3
abanico,12-1975,7.300000000000001
abanico,01-1976,4.2
abanico,02-1976,3.9
abanico,03-1976,3.6000000000000005
abanico,04-1976,4.0
abanico,05-1976,3.9999999999999996
abanico,06-1976,4.800000000000001
abanico,07-1976,3.900000000000001
abanico,08-1976,3.100000000000001
abanico,09-1976,3.0
abanico,10-1976,4.700000000000001
abanico,11-1976,5.6
abanico,12-1976,5.099999999999999
abanico,01-1977,7.799999999999999
abanico,02-1977,7.200000000000001
abanico,03-1977,6.7
abanico,04-1977,3.8
abanico,05-1977,5.700000000000001
abanico,06-1977,6.0
abanico,07-1977,6.5
abanico,08-1977,5.6
abanico,09-1977,6.4
abanico,10-1977,7.500000000000001
abanico,11-1977,9.3
abanico,12-1977,9.6
abanico,01-1978,8.399999999999999
abanico,02-1978,7.700000000000001
abanico,03-1978,7.0
abanico,04-1978,5.6
abanico,05-1978,6.5
abanico,06-1978,7.200000000000001
abanico,07-1978,11.3
abanico,08-1978,8.100000000000001
abanico,09-1978,8.8
abanico,10-1978,9.8
abanico,11-1978,10.7
abanico,12-1978,9.0
abanico,01-1979,7.200000000000001
abanico,02-1979,7.699999999999999
abanico,03-1979,7.5
abanico,04-1979,5.9
abanico,05-1979,5.8
abanico,06-1979,5.4
abanico,07-1979,6.3999999999999995
abanico,08-1979,9.7
abanico,09-1979,9.0
abanico,10-1979,7.700000000000001
abanico,11-1979,7.9
abanico,12-1979,8.400000000000002
abanico,01-1980,7.300000000000002
abanico,02-1980,7.4
abanico,03-1980,7.500000000000001
abanico,04-1980,8.0
abanico,05-1980,10.399999999999999
abanico,06-1980,11.5
abanico,07-1980,9.900000000000002
abanico,08-1980,8.8
abanico,09-1980,7.8999999999999995
abanico,10-1980,7.2
abanico,11-1980,7.9
abanico,12-1980,7.499999999999999
abanico,01-1981,4.20400000000002
abanico,02-1981,3.64550000000004
abanico,03-1981,3.0730000000000204
abanico,04-1981,4.46300000000001
abanico,05-1981,10.13299999999996
abanico,06-1981,8.0375
abanico,07-1981,6.74400000000001
abanico,08-1981,5.823999999999979
abanico,09-1981,4.286999999999989
abanico,10-1981,4.544000000000011
abanico,11-1981,4.18000000000004
abanico,12-1981,3.3429999999999995
abanico,01-1982,8.24599999999998
abanico,02-1982,7.8569999999999895
abanico,03-1982,6.518500000000021
abanico,04-1982,3.1720000000000295
abanico,05-1982,4.839999999999989
abanico,06-1982,7.96399999999997
abanico,07-1982,8.47599999999996
abanico,08-1982,6.815999999999999
abanico,09-1982,6.33600000000003
abanico,10-1982,7.23300000000004
abanico,11-1982,7.9709999999999805
abanico,12-1982,8.99349999999995
abanico,01-1983,2.925
abanico,02-1983,2.534
abanico,03-1983,2.46200000000006
abanico,04-1983,5.781000000000031
abanico,05-1983,4.62900000000002
abanico,06-1983,7.211000000000028
abanico,07-1983,5.36600000000001
abanico,08-1983,3.3959999999999795
abanico,09-1983,2.55750000000001
abanico,10-1983,2.9835000000000607
abanico,11-1983,3.918
abanico,12-1983,2.541
abanico,01-1984,4.75550000000001
abanico,02-1984,3.9380000000000104
abanico,03-1984,3.9989999999999704
abanico,04-1984,2.04200000000004
abanico,05-1984,3.7840000000000105
abanico,06-1984,3.19500000000002
abanico,07-1984,5.90400000000003
abanico,08-1984,2.8699999999999606
abanico,09-1984,4.306
abanico,10-1984,5.83199999999999
abanico,11-1984,7.296999999999931
abanico,12-1984,6.67599999999995
abanico,01-1985,3.9669999999999597
abanico,02-1985,4.922999999999961
abanico,03-1985,4.551999999999999
abanico,04-1985,3.7899999999999907
abanico,05-1985,4.97600000000002
abanico,06-1985,5.6040000000000205
abanico,07-1985,6.64200000000004
abanico,08-1985,3.919000000000051
abanico,09-1985,4.11300000000001
abanico,10-1985,4.60700000000002
abanico,11-1985,4.914000000000041
abanico,12-1985,3.9160000000000106
abanico,01-1986,4.28299999999997
abanico,02-1986,3.8684999999999503
abanico,03-1986,3.4379999999999504
abanico,04-1986,3.01199999999999
abanico,05-1986,6.348000000000001
abanico,06-1986,10.27200000000003
abanico,07-1986,6.548999999999979
abanico,08-1986,6.84499999999996
abanico,09-1986,4.90799999999997
abanico,10-1986,5.46499999999999
abanico,11-1986,4.719499999999991
abanico,12-1986,5.53999999999999
abanico,01-1987,3.8920000000000305
abanico,02-1987,3.76000000000005
abanico,03-1987,3.1260000000000203
abanico,04-1987,2.9339999999999895
abanico,05-1987,2.69400000000001
abanico,06-1987,5.03249999999997
abanico,07-1987,5.66799999999999
abanico,08-1987,5.719999999999981
abanico,09-1987,5.75399999999999
abanico,10-1987,7.53900000000003
abanico,11-1987,6.16300000000001
abanico,12-1987,4.0630000000000095
abanico,01-1988,2.87999999999997
abanico,02-1988,2.806
abanico,03-1988,2.37000000000003
abanico,04-1988,2.5300000000000202
abanico,05-1988,2.96500000000002
abanico,06-1988,3.87599999999998
abanico,07-1988,4.15599999999999
abanico,08-1988,5.09400000000001
abanico,09-1988,3.86799999999998
abanico,10-1988,4.57399999999998
abanico,11-1988,5.748000000000009
abanico,12-1988,4.1735
abanico,01-1989,2.9839999999999667
abanico,02-1989,2.75699999999998
abanico,03-1989,2.622500000000013
abanico,04-1989,1.840000000000007
abanico,05-1989,1.7694999999999796
abanico,06-1989,2.6000000000000005
abanico,07-1989,2.770000000000028
abanico,08-1989,3.2059999999999915
abanico,09-1989,3.5239999999999796
abanico,10-1989,4.356999999999978
abanico,11-1989,3.72199999999998
abanico,12-1989,3.7099999999999866
abanico,01-1990,3.5460000000000176
abanico,02-1990,3.596499999999992
abanico,03-1990,3.0940000000000083
abanico,04-1990,2.546000000000003
abanico,05-1990,3.5899999999999648
abanico,06-1990,3.7059999999999964
abanico,07-1990,2.7680000000000287
abanico,08-1990,4.85800000000004
abanico,09-1990,6.9580000000000375
abanico,10-1990,5.230000000000018
abanico,11-1990,4.398
abanico,12-1990,3.480000000000022
abanico,01-1991,3.2279999999999696
abanico,02-1991,2.6799999999999695
abanico,03-1991,2.40999999999999
abanico,04-1991,3.6535000000000104
abanico,05-1991,6.471999999999979
abanico,06-1991,4.63799999999997
abanico,07-1991,4.623999999999979
abanico,08-1991,2.93400000000002
abanico,09-1991,3.804
abanico,10-1991,3.8499999999999996
abanico,11-1991,4.37800000000002
abanico,12-1991,3.613999999999991
abanico,01-1992,5.354999999999971
abanico,02-1992,4.47600000000002
abanico,03-1992,3.13600000000001
abanico,04-1992,2.42600000000002
abanico,05-1992,6.5620000000000305
abanico,06-1992,5.978000000000021
abanico,07-1992,3.9960000000000093
abanico,08-1992,2.75599999999999
abanico,09-1992,3.10799999999999
abanico,10-1992,5.00800000000001
abanico,11-1992,6.435000000000029
abanico,12-1992,6.69100000000001
abanico,01-1993,5.22884000000003
abanico,02-1993,4.17972000000005
abanico,03-1993,3.7367600000000394
abanico,04-1993,3.6175
abanico,05-1993,5.304240000000009
abanico,06-1993,10.148
abanico,07-1993,8.796200000000008
abanico,08-1993,5.78849999999996
abanico,09-1993,6.17629999999998
abanico,10-1993,6.318399999999981
abanico,11-1993,6.3023
abanico,12-1993,6.032200000000031
abanico,01-1994,4.89387500000002
abanico,02-1994,3.94748999999998
abanico,03-1994,4.220874999999981
abanico,04-1994,3.27224
abanico,05-1994,4.00555999999993
abanico,06-1994,4.40210999999998
abanico,07-1994,5.002775
abanico,08-1994,5.19495500000001
abanico,09-1994,4.42275000000003
abanico,10-1994,6.082920106273579
abanico,11-1994,5.989871442674721
abanico,12-1994,5.96697500000001
abanico,01-1995,3.6999999999999993
abanico,02-1995,3.0999999999999996
abanico,03-1995,3.3999999999999995
abanico,04-1995,3.1
abanico,05-1995,2.7
abanico,06-1995,4.000000000000001
abanico,07-1995,3.8
abanico,08-1995,3.9
abanico,09-1995,3.6000000000000005
abanico,10-1995,4.4
abanico,11-1995,5.1
abanico,12-1995,4.1
abanico,01-1996,4.0
abanico,02-1996,4.0
abanico,03-1996,3.8
abanico,04-1996,3.3
abanico,05-1996,3.0
abanico,06-1996,3.7
abanico,07-1996,4.5
abanico,08-1996,4.7
abanico,09-1996,4.6
abanico,10-1996,5.4
abanico,11-1996,6.5
abanico,12-1996,4.8
abanico,01-1997,7.102239258064489
abanico,02-1997,6.506123489285731
abanico,03-1997,5.4065159258064694
abanico,04-1997,3.1125319833333203
abanico,05-1997,4.88278050322579
abanico,06-1997,9.21946041666666
abanico,07-1997,6.4919193580645
abanico,08-1997,8.168018548387089
abanico,09-1997,9.19336541666668
abanico,10-1997,9.151718177419369
abanico,11-1997,9.866059833333331
abanico,12-1997,7.789917161290301
abanico,01-1998,2.08697320000001
abanico,02-1998,1.9298689999999898
abanico,03-1998,1.7427811999999703
abanico,04-1998,3.4613419333333395
abanico,05-1998,2.96326264516128
abanico,06-1998,2.1344039833333
abanico,07-1998,2.46474169032255
abanico,08-1998,2.2817793322580506
abanico,09-1998,2.03440605000001
abanico,10-1998,2.48264718064518
abanico,11-1998,1.6389947833333498
abanico,12-1998,1.91768878387098
abanico,01-1999,3.3698400064516303
abanico,02-1999,3.16126096551726
abanico,03-1999,1.8277908129032499
abanico,04-1999,1.76190611666664
abanico,05-1999,2.77164522258062
abanico,06-1999,3.10588474999999
abanico,07-1999,2.81628929354838
abanico,08-1999,3.3140767935483995
abanico,09-1999,5.20173471666668
abanico,10-1999,5.828371903225801
abanico,11-1999,5.62573491666666
abanico,12-1999,4.4197739387097
abanico,01-2000,6.061994677419319
abanico,02-2000,5.43856863571425
abanico,03-2000,4.401492974193541
abanico,04-2000,4.58895885000001
abanico,05-2000,3.83513110967741
abanico,06-2000,5.48264756666668
abanico,07-2000,6.21341920645164
abanico,08-2000,7.34867013548389
abanico,09-2000,6.379007500000031
abanico,10-2000,7.102407903225809
abanico,11-2000,7.577908333333341
abanico,12-2000,7.09005016129032
abanico,01-2001,4.71988125
abanico,02-2001,4.0943012
abanico,03-2001,4.32465425
abanico,04-2001,9.516
abanico,05-2001,4.474776225000001
abanico,06-2001,6.10397165
abanico,07-2001,10.924146875
abanico,08-2001,6.514180075
abanico,09-2001,6.1804421
abanico,10-2001,6.812428624999999
abanico,11-2001,5.602496575
abanico,12-2001,5.1377673249999996
abanico,01-2002,7.314502950000006
abanico,02-2002,5.344637250000062
abanico,03-2002,4.105302099999989
abanico,04-2002,2.7030546000000584
abanico,05-2002,2.8423407000000265
abanico,06-2002,3.601101699999998
abanico,07-2002,3.9304006499999247
abanico,08-2002,6.149902799999978
abanico,09-2002,5.31808675000001
abanico,10-2002,8.059099500000052
abanico,11-2002,8.726548750000013
abanico,12-2002,9.431987549999912
abanico,01-2003,2.6800000000000006
abanico,02-2003,4.389999999999999
abanico,03-2003,3.28
abanico,04-2003,2.61
abanico,05-2003,2.9300000000000006
abanico,06-2003,2.67
abanico,07-2003,3.5
abanico,08-2003,4.18
abanico,09-2003,3.62
abanico,10-2003,2.66
abanico,11-2003,2.4000000000000004
abanico,12-2003,1.09
abanico,01-2004,5.24
abanico,02-2004,4.49
abanico,03-2004,3.07
abanico,04-2004,3.9799999999999995
abanico,05-2004,3.2000000000000006
abanico,06-2004,4.940000000000001
abanico,07-2004,4.779999999999999
abanico,08-2004,4.18
abanico,09-2004,4.72
abanico,10-2004,5.6
abanico,11-2004,7.0
abanico,12-2004,5.5
abanico,01-2005,3.9715818953225437
abanico,02-2005,6.291297589285604
abanico,03-2005,5.211586854838647
abanico,04-2005,3.4555310833333124
abanico,05-2005,3.320004709677441
abanico,06-2005,5.3917673666666595
abanico,07-2005,4.428657663082419
abanico,08-2005,6.564162387096836
abanico,09-2005,5.936099933333298
abanico,10-2005,6.059038193548306
abanico,11-2005,6.803798199999975
abanico,12-2005,5.65740941129031
abanico,01-2006,5.6832609677420445
abanico,02-2006,3.7404754464284977
abanico,03-2006,4.104773790322646
abanico,04-2006,4.015021949999962
abanico,05-2006,3.163326935483873
abanico,06-2006,5.718114699999984
abanico,07-2006,4.609419354838728
abanico,08-2006,4.724660306451696
abanico,09-2006,5.514994350000015
abanico,10-2006,5.563300177419335
abanico,11-2006,5.937909050000066
abanico,12-2006,5.718248645161354
abanico,01-2007,5.786641766129119
abanico,02-2007,5.63642017241385
abanico,03-2007,4.670107580645124
abanico,04-2007,5.004639916666769
abanico,05-2007,3.7110089516128824
abanico,06-2007,4.01600909999998
abanico,07-2007,5.429130887096729
abanico,08-2007,4.160531177419298
abanico,09-2007,4.196323933333307
abanico,10-2007,5.526669612903185
abanico,11-2007,6.425187366666656
abanico,12-2007,5.990224919354869
abanico,01-2008,4.729833564516209
abanico,02-2008,3.9948578571428675
abanico,03-2008,3.371893306451547
abanico,04-2008,4.00482504999993
abanico,05-2008,1.7345586290322856
abanico,06-2008,1.098974800000029
abanico,07-2008,2.4087061129031397
abanico,08-2008,5.76006454838705
abanico,09-2008,5.110571800000006
abanico,10-2008,4.890217564516143
abanico,11-2008,6.354128850000033
abanico,12-2008,5.6839863870967555
abanico,01-2009,5.853743709677428
abanico,02-2009,3.9069870535714486
abanico,03-2009,5.451895564516093
abanico,04-2009,2.014086583333313
abanico,05-2009,4.001371935483835
abanico,06-2009,3.836927833333423
abanico,07-2009,5.654700376344117
abanico,08-2009,4.5046191687344965
abanico,09-2009,5.177183108974421
abanico,10-2009,5.420357822580602
abanico,11-2009,5.503275749999993
abanico,12-2009,6.902602258064594
abanico,01-2010,3.98065072580642
abanico,02-2010,3.1702116071428326
abanico,03-2010,2.5274745967741943
abanico,04-2010,5.281197416666692
abanico,05-2010,4.298479435483827
abanico,06-2010,3.5588881666666947
abanico,07-2010,3.7157077419354647
abanico,08-2010,2.444228790322601
abanico,09-2010,2.66413975000004
abanico,10-2010,4.525652258064532
abanico,11-2010,5.11950991666664
abanico,12-2010,4.69511717741939
abanico,01-2011,4.500654838709649
abanico,02-2011,3.1978803448275244
abanico,03-2011,2.706297096774218
abanico,04-2011,2.1962989166666667
abanico,05-2011,1.7499765322580778
abanico,06-2011,2.5524642500000887
abanico,07-2011,2.8308198387096652
abanico,08-2011,4.104833387096768
abanico,09-2011,3.9290147499999435
abanico,10-2011,4.812986370967739
abanico,11-2011,6.237025416666685
abanico,12-2011,5.764208064516065
abanico,01-2012,2.6647787903225613
abanico,02-2012,2.181729464285752
abanico,03-2012,1.96311798387093
abanico,04-2012,2.1782423333333765
abanico,05-2012,2.173333225806452
abanico,06-2012,4.685681000000012
abanico,07-2012,2.8648349193548586
abanico,08-2012,2.4358004032257408
abanico,09-2012,2.584372166666647
abanico,10-2012,2.251545887096743
abanico,11-2012,2.3644207715053334
abanico,12-2012,2.4614187096774707
abanico,01-2013,3.9819830483871326
abanico,02-2013,3.3435247321428503
abanico,03-2013,2.771767903225846
abanico,04-2013,2.8861518333333156
abanico,05-2013,3.7793056968580667
abanico,06-2013,3.86043306666664
abanico,07-2013,4.107261935483908
abanico,08-2013,3.310830141129017
abanico,09-2013,4.12038672499995
abanico,10-2013,5.525653145161289
abanico,11-2013,5.490828360215076
abanico,12-2013,5.257250693548394
abanico,01-2014,6.003444516129036
abanico,02-2014,4.955848214285744
abanico,03-2014,3.9952528225806327
abanico,04-2014,0.9544601666666387
abanico,05-2014,2.3375282258064516
abanico,06-2014,3.185185833333314
abanico,07-2014,3.845462903225797
abanico,08-2014,6.2194685806451595
abanico,09-2014,5.709657849999999
abanico,10-2014,7.413825354838721
abanico,11-2014,7.363534500000007
abanico,12-2014,6.725674129032271
abanico,01-2015,4.901949133064509
abanico,02-2015,3.670215583554345
abanico,03-2015,2.263650194035641
abanico,04-2015,1.7759989999999706
abanico,05-2015,2.177324919354856
abanico,06-2015,4.31854283333335
abanico,07-2015,4.763930271428531
abanico,08-2015,6.534009590570748
abanico,09-2015,6.6150438000000245
abanico,10-2015,5.985956510752651
abanico,11-2015,7.593642151066103
abanico,12-2015,6.328654732258052
abanico,01-2016,1.97148635887093
abanico,02-2016,0.8314487637363114
abanico,03-2016,0.10503397245208382
abanico,04-2016,1.69501201666667
abanico,05-2016,1.7453584516128977
abanico,06-2016,1.5762416500000036
abanico,07-2016,2.035292426267251
abanico,08-2016,3.716359703473948
abanico,09-2016,3.074333183333316
abanico,10-2016,3.334155559139834
abanico,11-2016,3.4642632343995463
abanico,12-2016,2.687217119354848
abanico,01-2017,3.8529078427419168
abanico,02-2017,2.584365178571431
abanico,03-2017,1.0684388104838654
abanico,04-2017,0.8181762916666635
abanico,05-2017,0.9616462701613173
abanico,06-2017,1.9485546249999257
abanico,07-2017,2.3541667137096454
abanico,08-2017,2.373401532258047
abanico,09-2017,2.5012173749999533
abanico,10-2017,5.179377137096743
abanico,11-2017,6.957560375
abanico,12-2017,6.478373104838722
abanico,01-2018,2.5957032419355492
abanico,02-2018,1.824755000000028
abanico,03-2018,0.5377070483871371
abanico,04-2018,0.2443740666666265
abanico,05-2018,0.7974520806451865
abanico,06-2018,1.5687641166666495
abanico,07-2018,1.6159272096774195
abanico,08-2018,0.7699469516128907
abanico,09-2018,1.8341762500000411
abanico,10-2018,3.6999830645161706
abanico,11-2018,4.507428458333319
abanico,12-2018,2.8443319193548255
abanico,01-2019,2.249472741935477
abanico,02-2019,1.0170261785713777
abanico,03-2019,0.09662340322576307
abanico,04-2019,0.09892395000000312
abanico,05-2019,0.05622320967740885
abanico,06-2019,0.6435586999999714
abanico,07-2019,1.0820934677419203
abanico,08-2019,1.613394838709624
abanico,09-2019,1.7204775833333414
abanico,10-2019,2.8484472580644606
abanico,11-2019,3.895926749999926
abanico,12-2019,3.1531552419354014
abanico,01-2020,0.1547102459677276
abanico,02-2020,0.07378571428572295
abanico,03-2020,0.0316774193548674
abanico,04-2020,0.044179673333395876
abanico,05-2020,0.1689900096774437
abanico,06-2020,0.031051320833316923
abanico,07-2020,1.455685116935559
abanico,08-2020,0.5865230241934967
abanico,09-2020,0.45798291666660884
abanico,10-2020,1.9989601814515898
abanico,11-2020,2.7316675208333123
abanico,12-2020,1.7875982661289953
abanico,01-2021,2.1517547580645022
abanico,02-2021,1.3057837901786158
abanico,03-2021,0.9028468306451282
abanico,04-2021,0.001
abanico,05-2021,0.001
abanico,06-2021,1.321651124999999
abanico,07-2021,1.023603334677418
abanico,08-2021,1.6989247056451515
abanico,09-2021,1.7873208583333167
abanico,10-2021,2.854299504032223
abanico,11-2021,3.0240115041666655
abanico,12-2021,3.0421230443548093
abanico,01-2022,5.676437568548355
abanico,02-2022,4.852378446428549
abanico,03-2022,3.84005379838705
abanico,04-2022,5.547233333333288
abanico,05-2022,5.810512903225804
abanico,06-2022,2.5484699791666365
abanico,07-2022,3.404101237903184
abanico,08-2022,3.8820121008065307
abanico,09-2022,4.233680720833281
abanico,10-2022,5.39098181451612
abanico,11-2022,6.606243441666663
abanico,12-2022,6.119905540322556
abanico,01-2023,3.752732227678572
abanico,02-2023,3.752060785714286
abanico,03-2023,2.2476785714285716
abanico,04-2023,0.38747477500000005
abanico,05-2023,1.7580279750000003
abanico,06-2023,16.401873600000002
abanico,07-2023,11.091348075
abanico,08-2023,15.083307450000003
abanico,09-2023,8.756928100000001
abanico,10-2023,5.8026344000000005
abanico,11-2023,8.212986
abanico,12-2023,5.238541025
antuco,01-1960,18.05735
antuco,02-1960,11.930420000000002
antuco,03-1960,11.434320000000001
antuco,04-1960,11.707199999999998
antuco,05-1960,14.192499999999999
antuco,06-1960,102.8375641424556
antuco,07-1960,90.64585594284458
antuco,08-1960,61.47023317904785
antuco,09-1960,104.97762865087807
antuco,10-1960,77.97898413907744
antuco,11-1960,83.62599999999999
antuco,12-1960,46.937663001125635
antuco,01-1961,8.706449999999998
antuco,02-1961,7.781899999999999
antuco,03-1961,5.70708
antuco,04-1961,17.586000000000002
antuco,05-1961,13.7969
antuco,06-1961,52.9122
antuco,07-1961,30.035260000000008
antuco,08-1961,37.41315
antuco,09-1961,36.85572
antuco,10-1961,32.741460000000004
antuco,11-1961,24.019740000000002
antuco,12-1961,13.2978
antuco,01-1962,10.95
antuco,02-1962,9.21
antuco,03-1962,7.770000000000001
antuco,04-1962,7.259999999999999
antuco,05-1962,6.51
antuco,06-1962,23.76
antuco,07-1962,23.14
antuco,08-1962,65.68048014359434
antuco,09-1962,45.91
antuco,10-1962,57.209999999999994
antuco,11-1962,40.82
antuco,12-1962,16.099999999999998
antuco,01-1963,42.68
antuco,02-1963,17.09
antuco,03-1963,11.260000000000002
antuco,04-1963,7.279999999999999
antuco,05-1963,12.09
antuco,06-1963,31.77
antuco,07-1963,67.61232737582256
antuco,08-1963,72.89400445119965
antuco,09-1963,79.84431313737252
antuco,10-1963,96.36570439005052
antuco,11-1963,107.52599223832235
antuco,12-1963,85.49999999999999
antuco,01-1964,24.91
antuco,02-1964,19.22
antuco,03-1964,11.66
antuco,04-1964,8.549999999999999
antuco,05-1964,9.81
antuco,06-1964,16.7
antuco,07-1964,26.32
antuco,08-1964,31.32
antuco,09-1964,60.18450696906147
antuco,10-1964,65.37
antuco,11-1964,53.38000000000001
antuco,12-1964,51.760000000000005
antuco,01-1965,36.07
antuco,02-1965,18.32
antuco,03-1965,12.689999999999998
antuco,04-1965,39.71999999999999
antuco,05-1965,74.85760116791312
antuco,06-1965,111.15629569429981
antuco,07-1965,93.89730840172152
antuco,08-1965,99.25394434782609
antuco,09-1965,48.83
antuco,10-1965,91.96960349085943
antuco,11-1965,108.84630684398866
antuco,12-1965,106.34966558530151
antuco,01-1966,67.29
antuco,02-1966,34.17
antuco,03-1966,17.97
antuco,04-1966,12.950000000000003
antuco,05-1966,29.57
antuco,06-1966,51.75000000000001
antuco,07-1966,116.54754997763023
antuco,08-1966,50.190000000000005
antuco,09-1966,64.96
antuco,10-1966,83.17887304663557
antuco,11-1966,95.69999999999999
antuco,12-1966,136.6170066581669
antuco,01-1967,20.180000000000003
antuco,02-1967,14.11
antuco,03-1967,11.93
antuco,04-1967,12.02
antuco,05-1967,34.49663295862534
antuco,06-1967,27.96
antuco,07-1967,24.9
antuco,08-1967,56.83454856361149
antuco,09-1967,54.480000000000004
antuco,10-1967,103.09701362838557
antuco,11-1967,91.63
antuco,12-1967,49.85000000000001
antuco,01-1968,20.83
antuco,02-1968,11.96
antuco,03-1968,9.780000000000001
antuco,04-1968,10.66
antuco,05-1968,11.409999999999998
antuco,06-1968,12.159999999999998
antuco,07-1968,17.159999999999997
antuco,08-1968,30.94
antuco,09-1968,29.910000000000004
antuco,10-1968,32.050000000000004
antuco,11-1968,42.629999999999995
antuco,12-1968,27.390000000000004
antuco,01-1969,27.229999999999997
antuco,02-1969,17.48
antuco,03-1969,10.5
antuco,04-1969,16.21
antuco,05-1969,60.46709505947108
antuco,06-1969,178.18796803453125
antuco,07-1969,95.48831650076292
antuco,08-1969,100.12230948461566
antuco,09-1969,89.64895683869156
antuco,10-1969,61.07
antuco,11-1969,78.07383949586212
antuco,12-1969,63.634570910518335
antuco,01-1970,41.34
antuco,02-1970,26.260000000000005
antuco,03-1970,14.250000000000002
antuco,04-1970,12.650000000000002
antuco,05-1970,17.57
antuco,06-1970,62.14474618967514
antuco,07-1970,56.07
antuco,08-1970,65.37
antuco,09-1970,59.67999999999999
antuco,10-1970,82.01
antuco,11-1970,82.09160257482026
antuco,12-1970,73.87507742461288
antuco,01-1971,43.14000000000001
antuco,02-1971,31.57
antuco,03-1971,26.42
antuco,04-1971,11.48
antuco,05-1971,83.14295024286776
antuco,06-1971,45.300000000000004
antuco,07-1971,116.18074678400097
antuco,08-1971,87.6329306265684
antuco,09-1971,53.550000000000004
antuco,10-1971,74.99213932834061
antuco,11-1971,93.53066773696966
antuco,12-1971,63.14
antuco,01-1972,41.790000000000006
antuco,02-1972,25.27
antuco,03-1972,16.209999999999997
antuco,04-1972,21.189999999999998
antuco,05-1972,204.31851375972207
antuco,06-1972,164.77507914051955
antuco,07-1972,69.03
antuco,08-1972,159.67971398887184
antuco,09-1972,111.87633848704021
antuco,10-1972,122.68558573503829
antuco,11-1972,114.86988394611339
antuco,12-1972,75.50000000000001
antuco,01-1973,19.990000000000006
antuco,02-1973,13.510000000000002
antuco,03-1973,11.430000000000001
antuco,04-1973,12.45
antuco,05-1973,56.64800341756517
antuco,06-1973,60.23063881875175
antuco,07-1973,82.6586748124969
antuco,08-1973,60.87
antuco,09-1973,45.43000000000001
antuco,10-1973,68.99000000000001
antuco,11-1973,68.38
antuco,12-1973,36.669999999999995
antuco,01-1974,23.47
antuco,02-1974,19.75
antuco,03-1974,12.61
antuco,04-1974,9.579999999999998
antuco,05-1974,26.52
antuco,06-1974,82.67872714663977
antuco,07-1974,56.05
antuco,08-1974,56.13
antuco,09-1974,49.69
antuco,10-1974,76.25199571159226
antuco,11-1974,77.1442989117402
antuco,12-1974,47.230000000000004
antuco,01-1975,27.909999999999997
antuco,02-1975,16.439999999999998
antuco,03-1975,10.2
antuco,04-1975,20.67
antuco,05-1975,70.03097679878842
antuco,06-1975,99.3114868824302
antuco,07-1975,74.93557089871612
antuco,08-1975,45.370000000000005
antuco,09-1975,63.22
antuco,10-1975,91.19398310706946
antuco,11-1975,118.38320228512181
antuco,12-1975,77.06382622966542
antuco,01-1976,17.67
antuco,02-1976,15.44
antuco,03-1976,6.67
antuco,04-1976,8.69
antuco,05-1976,3.2399999999999993
antuco,06-1976,60.61277242618722
antuco,07-1976,34.18000000000001
antuco,08-1976,36.88
antuco,09-1976,56.6969389592789
antuco,10-1976,96.98569019314002
antuco,11-1976,77.67425708540297
antuco,12-1976,42.830000000000005
antuco,01-1977,32.38
antuco,02-1977,23.469999999999995
antuco,03-1977,11.780000000000001
antuco,04-1977,14.01
antuco,05-1977,48.319334847533945
antuco,06-1977,64.91340056629495
antuco,07-1977,102.58
antuco,08-1977,65.88575151684562
antuco,09-1977,100.65547904064343
antuco,10-1977,115.00707778795748
antuco,11-1977,126.33272111391027
antuco,12-1977,85.18776526805001
antuco,01-1978,27.35
antuco,02-1978,17.950000000000003
antuco,03-1978,10.130000000000003
antuco,04-1978,9.04
antuco,05-1978,26.33
antuco,06-1978,55.66190255058075
antuco,07-1978,160.76294450414196
antuco,08-1978,61.46
antuco,09-1978,89.42594909850467
antuco,10-1978,125.53417852961243
antuco,11-1978,106.20000000000002
antuco,12-1978,57.10573482611203
antuco,01-1979,29.11
antuco,02-1979,37.33
antuco,03-1979,32.809999999999995
antuco,04-1979,6.08
antuco,05-1979,25.919999999999998
antuco,06-1979,20.11
antuco,07-1979,88.4993048004953
antuco,08-1979,162.50340252574355
antuco,09-1979,107.10141377036449
antuco,10-1979,57.22
antuco,11-1979,74.88911763786336
antuco,12-1979,78.2611306899522
antuco,01-1980,20.66
antuco,02-1980,12.43
antuco,03-1980,10.060000000000002
antuco,04-1980,80.03811997542388
antuco,05-1980,144.65693976504838
antuco,06-1980,148.5866633570963
antuco,07-1980,92.26542815125327
antuco,08-1980,75.57474669626902
antuco,09-1980,46.64
antuco,10-1980,48.92
antuco,11-1980,42.269999999999996
antuco,12-1980,33.169999999999995
antuco,01-1981,14.476379999999999
antuco,02-1981,11.610619999999999
antuco,03-1981,8.975900000000001
antuco,04-1981,12.240300000000003
antuco,05-1981,130.5056078629818
antuco,06-1981,83.80301840117427
antuco,07-1981,69.84809416519043
antuco,08-1981,64.72955150688796
antuco,09-1981,56.88270000000001
antuco,10-1981,48.76599999999999
antuco,11-1981,39.957600000000006
antuco,12-1981,23.527179999999998
antuco,01-1982,52.94438799428608
antuco,02-1982,27.41862
antuco,03-1982,14.786159999999999
antuco,04-1982,8.390500000000001
antuco,05-1982,45.76357999999999
antuco,06-1982,98.6672525132567
antuco,07-1982,110.86755021632834
antuco,08-1982,70.90799862251856
antuco,09-1982,110.70375518377656
antuco,10-1982,105.15710437729268
antuco,11-1982,90.87209638880674
antuco,12-1982,98.80000000000001
antuco,01-1983,12.284749999999999
antuco,02-1983,9.320759999999998
antuco,03-1983,7.938320000000001
antuco,04-1983,12.257399999999999
antuco,05-1983,16.594679999999997
antuco,06-1983,98.97726165792946
antuco,07-1983,56.51393360944785
antuco,08-1983,49.70522999999999
antuco,09-1983,44.95607999999999
antuco,10-1983,67.9878
antuco,11-1983,63.699891861236054
antuco,12-1983,25.779300000000003
antuco,01-1984,37.677
antuco,02-1984,18.76287
antuco,03-1984,12.41949
antuco,04-1984,7.101
antuco,05-1984,26.196720000000006
antuco,06-1984,35.86238999999999
antuco,07-1984,84.75949265284899
antuco,08-1984,36.06389
antuco,09-1984,76.74978566735271
antuco,10-1984,118.97436810530903
antuco,11-1984,100.42503175261933
antuco,12-1984,84.31878203207604
antuco,01-1985,15.0255
antuco,02-1985,11.729550000000003
antuco,03-1985,9.97659
antuco,04-1985,16.8586
antuco,05-1985,65.30326688069704
antuco,06-1985,60.59183
antuco,07-1985,86.81303474212824
antuco,08-1985,34.05596
antuco,09-1985,48.578579999999995
antuco,10-1985,64.08890645172124
antuco,11-1985,63.693
antuco,12-1985,28.06981
antuco,01-1986,24.1871
antuco,02-1986,19.357940000000003
antuco,03-1986,15.598110000000004
antuco,04-1986,19.269200000000005
antuco,05-1986,114.55100144351866
antuco,06-1986,184.07213358220554
antuco,07-1986,62.95701980128522
antuco,08-1986,53.006
antuco,09-1986,52.62781
antuco,10-1986,65.175
antuco,11-1986,73.47803727646348
antuco,12-1986,60.38253015682447
antuco,01-1987,24.543299999999995
antuco,02-1987,15.949629999999997
antuco,03-1987,12.94342
antuco,04-1987,13.396799999999999
antuco,05-1987,17.56492
antuco,06-1987,53.65543278543175
antuco,07-1987,106.90411469021916
antuco,08-1987,85.47570944840727
antuco,09-1987,68.32098
antuco,10-1987,108.28747984300381
antuco,11-1987,79.99809507441928
antuco,12-1987,39.8088
antuco,01-1988,17.626300000000004
antuco,02-1988,10.067730000000001
antuco,03-1988,7.803100000000001
antuco,04-1988,8.836900000000002
antuco,05-1988,15.00492
antuco,06-1988,44.4828046812738
antuco,07-1988,57.871309315024064
antuco,08-1988,97.47677549316597
antuco,09-1988,53.02275
antuco,10-1988,70.8662
antuco,11-1988,83.52436016509598
antuco,12-1988,44.9628
antuco,01-1989,13.502099999999997
antuco,02-1989,8.7898
antuco,03-1989,9.00985
antuco,04-1989,6.1965
antuco,05-1989,5.608900000000001
antuco,06-1989,31.037154908744796
antuco,07-1989,38.80942
antuco,08-1989,60.553507488197546
antuco,09-1989,55.44313
antuco,10-1989,70.597
antuco,11-1989,61.3213
antuco,12-1989,28.70772000000001
antuco,01-1990,10.5395
antuco,02-1990,7.98438
antuco,03-1990,6.438559999999999
antuco,04-1990,22.847100000000008
antuco,05-1990,40.117360000000005
antuco,06-1990,44.0441
antuco,07-1990,27.95984
antuco,08-1990,75.14540692244353
antuco,09-1990,121.14628757317769
antuco,10-1990,65.5565
antuco,11-1990,34.65427
antuco,12-1990,18.07677
antuco,01-1991,23.119799999999998
antuco,02-1991,13.158349999999999
antuco,03-1991,9.733659999999999
antuco,04-1991,12.906399999999998
antuco,05-1991,153.7731252646428
antuco,06-1991,92.49313568936513
antuco,07-1991,104.60323103421199
antuco,08-1991,42.19821
antuco,09-1991,79.6904262923317
antuco,10-1991,67.4928
antuco,11-1991,56.39459999999999
antuco,12-1991,38.526
antuco,01-1992,28.58435
antuco,02-1992,15.957119999999996
antuco,03-1992,10.8371
antuco,04-1992,15.175200000000004
antuco,05-1992,146.3218226230655
antuco,06-1992,122.41638354905868
antuco,07-1992,61.912220000000005
antuco,08-1992,35.192550000000004
antuco,09-1992,66.35808
antuco,10-1992,82.2510181979525
antuco,11-1992,96.58771181016806
antuco,12-1992,63.16156512093276
antuco,01-1993,28.7514
antuco,02-1993,17.75621
antuco,03-1993,12.789119999999999
antuco,04-1993,21.954
antuco,05-1993,95.68344597610393
antuco,06-1993,205.35193402707387
antuco,07-1993,118.23228096986892
antuco,08-1993,103.12740686522542
antuco,09-1993,84.92402758974332
antuco,10-1993,77.18513585513864
antuco,11-1993,74.77705600761075
antuco,12-1993,60.2686766766568
antuco,01-1994,17.655750000000005
antuco,02-1994,11.51492
antuco,03-1994,8.343700000000002
antuco,04-1994,22.6473
antuco,05-1994,30.721179999999993
antuco,06-1994,91.18070956757916
antuco,07-1994,126.44605884551616
antuco,08-1994,42.910799999999995
antuco,09-1994,92.28119313151095
antuco,10-1994,87.45971924561631
antuco,11-1994,63.04956069501116
antuco,12-1994,40.35
antuco,01-1995,22.169999999999998
antuco,02-1995,12.669999999999998
antuco,03-1995,13.29
antuco,04-1995,12.770000000000001
antuco,05-1995,9.57
antuco,06-1995,82.8905488843024
antuco,07-1995,63.36796295977851
antuco,08-1995,40.85
antuco,09-1995,39.99
antuco,10-1995,91.92159956596572
antuco,11-1995,77.74453834688701
antuco,12-1995,39.7
antuco,01-1996,23.619999999999997
antuco,02-1996,13.359999999999998
antuco,03-1996,9.760000000000002
antuco,04-1996,10.34
antuco,05-1996,8.74
antuco,06-1996,40.830000000000005
antuco,07-1996,109.94446953861355
antuco,08-1996,60.041812835059595
antuco,09-1996,94.3512516602058
antuco,10-1996,125.9849423367229
antuco,11-1996,99.8296619708082
antuco,12-1996,54.317415875198776
antuco,01-1997,23.67655
antuco,02-1997,14.857980000000005
antuco,03-1997,10.347360000000002
antuco,04-1997,27.354600000000005
antuco,05-1997,56.79932
antuco,06-1997,158.44969359225203
antuco,07-1997,78.08503640360348
antuco,08-1997,106.42338222136694
antuco,09-1997,108.5772155717597
antuco,10-1997,76.5657
antuco,11-1997,75.04351011870882
antuco,12-1997,43.488
antuco,01-1998,7.38845
antuco,02-1998,6.517199999999999
antuco,03-1998,5.74906
antuco,04-1998,11.757599999999998
antuco,05-1998,14.7498
antuco,06-1998,18.30762
antuco,07-1998,23.61936
antuco,08-1998,22.377299999999995
antuco,09-1998,26.307719999999996
antuco,10-1998,24.169769999999996
antuco,11-1998,15.609780000000002
antuco,12-1998,10.862700000000004
antuco,01-1999,15.125300000000003
antuco,02-1999,18.564400000000003
antuco,03-1999,11.343560000000002
antuco,04-1999,5.134799999999999
antuco,05-1999,19.347680000000004
antuco,06-1999,55.72084369965383
antuco,07-1999,34.21214
antuco,08-1999,75.41014999999999
antuco,09-1999,104.99071572302829
antuco,10-1999,77.96756088666564
antuco,11-1999,56.02980000000001
antuco,12-1999,27.805999999999997
antuco,01-2000,30.446
antuco,02-2000,18.323620000000002
antuco,03-2000,11.162159999999998
antuco,04-2000,9.256799999999998
antuco,05-2000,12.75816
antuco,06-2000,137.4936003268814
antuco,07-2000,105.85722930848182
antuco,08-2000,98.70775266124244
antuco,09-2000,93.19106964277168
antuco,10-2000,87.40553948551015
antuco,11-2000,67.785
antuco,12-2000,54.55366096726917
antuco,01-2001,12.863499999999998
antuco,02-2001,13.74249
antuco,03-2001,28.54258
antuco,04-2001,10.0188
antuco,05-2001,80.80060044714807
antuco,06-2001,103.49844036205056
antuco,07-2001,189.94627774855581
antuco,08-2001,94.782599564152
antuco,09-2001,55.54044
antuco,10-2001,48.09510000000001
antuco,11-2001,37.16628000000001
antuco,12-2001,26.234999999999996
antuco,01-2002,31.117550000000005
antuco,02-2002,17.36245
antuco,03-2002,13.019279999999998
antuco,04-2002,18.2604
antuco,05-2002,49.98667224563894
antuco,06-2002,64.84440819046438
antuco,07-2002,57.48787969918084
antuco,08-2002,152.8303451321372
antuco,09-2002,86.47884181506012
antuco,10-2002,155.8176309715727
antuco,11-2002,97.0068923076923
antuco,12-2002,72.86946923076923
antuco,01-2003,28.491661290322586
antuco,02-2003,15.649380172413794
antuco,03-2003,8.815119354838709
antuco,04-2003,6.7967966666666655
antuco,05-2003,7.497964516129032
antuco,06-2003,121.50332425177217
antuco,07-2003,70.93921678601276
antuco,08-2003,43.71206451612903
antuco,09-2003,50.62803333333332
antuco,10-2003,61.63982795698926
antuco,11-2003,53.73279999999999
antuco,12-2003,41.80635483870968
antuco,01-2004,14.249347311827961
antuco,02-2004,7.9949714285714295
antuco,03-2004,4.949935483870967
antuco,04-2004,33.33601666666666
antuco,05-2004,19.374229032258064
antuco,06-2004,75.87978924210665
antuco,07-2004,79.7101806451613
antuco,08-2004,42.90506129032257
antuco,09-2004,70.18013666666667
antuco,10-2004,56.87684193548387
antuco,11-2004,66.08970000000001
antuco,12-2004,32.78481935483871
antuco,01-2005,28.365647709677418
antuco,02-2005,13.374203999999999
antuco,03-2005,9.33608393548387
antuco,04-2005,3.553230000000001
antuco,05-2005,39.49000838709678
antuco,06-2005,115.944760906218
antuco,07-2005,119.01440566680324
antuco,08-2005,146.37637341935482
antuco,09-2005,67.05139990000002
antuco,10-2005,57.89208567741935
antuco,11-2005,69.24568666065099
antuco,12-2005,50.53641372580647
antuco,01-2006,25.443048387096777
antuco,02-2006,16.54564017857143
antuco,03-2006,11.674386129032255
antuco,04-2006,15.328683999999999
antuco,05-2006,27.170361290322578
antuco,06-2006,145.05962449534306
antuco,07-2006,158.33792666394976
antuco,08-2006,79.42143387096775
antuco,09-2006,87.66948290924766
antuco,10-2006,88.93258425806451
antuco,11-2006,64.3672960333333
antuco,12-2006,44.064362032258046
antuco,01-2007,12.246798387096776
antuco,02-2007,8.857971931034436
antuco,03-2007,6.8347575483871195
antuco,04-2007,10.99006
antuco,05-2007,10.162712903225806
antuco,06-2007,10.512293333333334
antuco,07-2007,43.9000435483871
antuco,08-2007,25.267437096774195
antuco,09-2007,42.93151840000001
antuco,10-2007,54.183802322580654
antuco,11-2007,46.42324046666667
antuco,12-2007,25.348315645161293
antuco,01-2008,12.698109677419355
antuco,02-2008,9.282137035714287
antuco,03-2008,7.693437161290321
antuco,04-2008,9.933014947368418
antuco,05-2008,103.98044545789469
antuco,06-2008,58.32024666666668
antuco,07-2008,56.29657903225806
antuco,08-2008,91.80703671499819
antuco,09-2008,60.10270520000002
antuco,10-2008,45.67109961290323
antuco,11-2008,41.50196173333333
antuco,12-2008,21.28419493548387
antuco,01-2009,27.158785499999993
antuco,02-2009,18.518016557142857
antuco,03-2009,15.110539250967745
antuco,04-2009,8.71187
antuco,05-2009,64.44083156682026
antuco,06-2009,67.03013573364258
antuco,07-2009,75.78982183154392
antuco,08-2009,79.94790032258065
antuco,09-2009,74.35568158613282
antuco,10-2009,66.5859967716365
antuco,11-2009,75.66062506666665
antuco,12-2009,42.5211065516129
antuco,01-2010,18.59332258064516
antuco,02-2010,13.246313571428571
antuco,03-2010,11.078876129032256
antuco,04-2010,11.851239999999999
antuco,05-2010,10.270161290322584
antuco,06-2010,30.04515
antuco,07-2010,33.62459677419355
antuco,08-2010,39.39891935483871
antuco,09-2010,44.845119000000004
antuco,10-2010,57.13575741935483
antuco,11-2010,55.353333
antuco,12-2010,31.90634419354839
antuco,01-2011,19.557000000000006
antuco,02-2011,17.16001872413793
antuco,03-2011,15.826397064516128
antuco,04-2011,18.000010000000003
antuco,05-2011,17.772706451612905
antuco,06-2011,38.02172999999999
antuco,07-2011,42.8098064516129
antuco,08-2011,74.85984345916374
antuco,09-2011,77.1540280178094
antuco,10-2011,82.87866967741935
antuco,11-2011,70.79034333333333
antuco,12-2011,44.489191935483866
antuco,01-2012,24.349741935483866
antuco,02-2012,14.616470599078344
antuco,03-2012,10.542554612903224
antuco,04-2012,11.005080000000005
antuco,05-2012,39.88878387096774
antuco,06-2012,95.889825
antuco,07-2012,54.04738064516128
antuco,08-2012,31.059322580645155
antuco,09-2012,36.94795200000001
antuco,10-2012,30.800652903225803
antuco,11-2012,24.399094000000005
antuco,12-2012,37.7618429032258
antuco,01-2013,14.61196337760911
antuco,02-2013,10.8187635
antuco,03-2013,9.892270744026286
antuco,04-2013,9.693780000000004
antuco,05-2013,13.479204670838712
antuco,06-2013,41.00822999999999
antuco,07-2013,65.13997580645163
antuco,08-2013,53.50787903225805
antuco,09-2013,84.02615962865114
antuco,10-2013,53.87430451612903
antuco,11-2013,45.617056666666656
antuco,12-2013,28.823426077798867
antuco,01-2014,18.039774193548382
antuco,02-2014,11.114994642857141
antuco,03-2014,8.845150322580645
antuco,04-2014,10.206294999999999
antuco,05-2014,24.074158064516123
antuco,06-2014,53.39044333333332
antuco,07-2014,64.57362094934298
antuco,08-2014,106.0239155115491
antuco,09-2014,77.6162647834197
antuco,10-2014,70.72128464516129
antuco,11-2014,49.14755549999998
antuco,12-2014,29.681653645161283
antuco,01-2015,37.06360403225805
antuco,02-2015,35.51844526011809
antuco,03-2015,32.91942427546446
antuco,04-2015,33.84967999999999
antuco,05-2015,30.76850322580646
antuco,06-2015,32.247775000000004
antuco,07-2015,32.641843010752694
antuco,08-2015,32.927829702233254
antuco,09-2015,34.882353494117645
antuco,10-2015,35.880219401157966
antuco,11-2015,38.69036677144716
antuco,12-2015,38.785048173607045
antuco,01-2016,31.392967741935482
antuco,02-2016,29.795157403846154
antuco,03-2016,26.27334011742635
antuco,04-2016,36.10584599999999
antuco,05-2016,33.72827806451615
antuco,06-2016,36.185466666666656
antuco,07-2016,37.44782603686636
antuco,08-2016,39.87852543424317
antuco,09-2016,40.58334804705883
antuco,10-2016,42.53851105376344
antuco,11-2016,33.9535458440746
antuco,12-2016,39.44292642580644
antuco,01-2017,19.293
antuco,02-2017,12.783794999999994
antuco,03-2017,12.022210000000003
antuco,04-2017,9.694679999999995
antuco,05-2017,19.062580645161283
antuco,06-2017,51.30875
antuco,07-2017,49.66748387096775
antuco,08-2017,49.146645161290316
antuco,09-2017,59.749762
antuco,10-2017,101.05387541084865
antuco,11-2017,83.96683269557528
antuco,12-2017,42.884619677419344
antuco,01-2018,23.065835806451602
antuco,02-2018,16.50208625
antuco,03-2018,12.05590948387097
antuco,04-2018,17.509128000000004
antuco,05-2018,22.030986322580645
antuco,06-2018,54.84496753198875
antuco,07-2018,55.683875870967725
antuco,08-2018,37.73729864516129
antuco,09-2018,75.49987900339384
antuco,10-2018,77.75410403225807
antuco,11-2018,72.826324
antuco,12-2018,40.45434516129032
antuco,01-2019,14.988821774193546
antuco,02-2019,11.427735285714286
antuco,03-2019,9.358984258064517
antuco,04-2019,10.855610666666665
antuco,05-2019,16.898458580645155
antuco,06-2019,54.14171506666667
antuco,07-2019,54.99530064516129
antuco,08-2019,68.7503974500006
antuco,09-2019,59.523576
antuco,10-2019,62.84020290322581
antuco,11-2019,46.466489333333335
antuco,12-2019,23.831870967741942
antuco,01-2020,18.711569032258062
antuco,02-2020,16.29857321428571
antuco,03-2020,11.356185741935485
antuco,04-2020,9.272661999999997
antuco,05-2020,10.484658580645164
antuco,06-2020,36.55406393333333
antuco,07-2020,83.02214305520297
antuco,08-2020,51.31880548387097
antuco,09-2020,49.76025333333333
antuco,10-2020,68.78143358687345
antuco,11-2020,60.40971066666666
antuco,12-2020,30.072193548387105
antuco,01-2021,11.578107258064515
antuco,02-2021,9.467832964285716
antuco,03-2021,8.564185225806453
antuco,04-2021,9.105301333333344
antuco,05-2021,14.541335225806442
antuco,06-2021,50.282014639113186
antuco,07-2021,27.53818219354838
antuco,08-2021,50.498019948376
antuco,09-2021,59.86224546666666
antuco,10-2021,56.06717174193548
antuco,11-2021,35.68341813333333
antuco,12-2021,17.685129032258065
antuco,01-2022,15.99423564516129
antuco,02-2022,12.184252642857142
antuco,03-2022,10.293737935483872
antuco,04-2022,25.916212
antuco,05-2022,34.451948903225805
antuco,06-2022,46.773643500000006
antuco,07-2022,72.28996554720155
antuco,08-2022,71.67985567175865
antuco,09-2022,56.7417404
antuco,10-2022,75.10672919354839
antuco,11-2022,60.009800133333336
antuco,12-2022,29.47339677419355
antuco,01-2023,40.667605075892865
antuco,02-2023,26.08381462946429
antuco,03-2023,19.163168426785717
antuco,04-2023,9.078515854464285
antuco,05-2023,17.463593940178573
antuco,06-2023,162.93009240000004
antuco,07-2023,110.17731332232142
antuco,08-2023,149.83194825535716
antuco,09-2023,154.08260923928574
antuco,10-2023,93.7503796
antuco,11-2023,114.08518292857146
antuco,12-2023,86.29896017142858
canecol,01-1960,2.39
canecol,02-1960,1.71
canecol,03-1960,3.27
canecol,04-1960,3.7800000000000002
canecol,05-1960,4.32
canecol,06-1960,47.6
canecol,07-1960,39.0
canecol,08-1960,28.400000000000002
canecol,09-1960,26.60000000000001
canecol,10-1960,17.1
canecol,11-1960,12.7
canecol,12-1960,6.659999999999999
canecol,01-1961,1.64
canecol,02-1961,1.53
canecol,03-1961,0.87
canecol,04-1961,10.200000000000001
canecol,05-1961,7.309999999999999
canecol,06-1961,10.9
canecol,07-1961,13.0
canecol,08-1961,14.3
canecol,09-1961,10.599999999999998
canecol,10-1961,8.1
canecol,11-1961,6.110000000000001
canecol,12-1961,2.29
canecol,01-1962,4.7365462013828
canecol,02-1962,4.940188407329489
canecol,03-1962,5.053017905070134
canecol,04-1962,4.861626592231572
canecol,05-1962,5.431324461884991
canecol,06-1962,14.127495343338285
canecol,07-1962,10.070073422221416
canecol,08-1962,21.02978696260053
canecol,09-1962,13.827942139642339
canecol,10-1962,15.824277352506364
canecol,11-1962,10.145894319110692
canecol,12-1962,6.272422351596077
canecol,01-1963,7.535742825289923
canecol,02-1963,4.6095579962024065
canecol,03-1963,4.242118695893139
canecol,04-1963,6.317717726537795
canecol,05-1963,7.094554718260253
canecol,06-1963,12.10965994165018
canecol,07-1963,29.499700778540404
canecol,08-1963,33.222542393760136
canecol,09-1963,29.503281396846816
canecol,10-1963,22.58666576554059
canecol,11-1963,23.945785922504648
canecol,12-1963,15.215034832933299
canecol,01-1964,7.20950253079949
canecol,02-1964,5.683031019246898
canecol,03-1964,4.324215131433703
canecol,04-1964,4.3357526978692285
canecol,05-1964,6.160866746280213
canecol,06-1964,10.4329697308049
canecol,07-1964,12.235914652033976
canecol,08-1964,14.08038236244432
canecol,09-1964,20.89168021287066
canecol,10-1964,17.445039804338013
canecol,11-1964,13.60935759089162
canecol,12-1964,15.203504211401112
canecol,01-1965,6.858724404898903
canecol,02-1965,4.413673578577513
canecol,03-1965,4.131595231898056
canecol,04-1965,12.750118313346366
canecol,05-1965,24.242951253570258
canecol,06-1965,41.0131204919647
canecol,07-1965,38.804500367272425
canecol,08-1965,40.01134421593282
canecol,09-1965,16.527802931375533
canecol,10-1965,22.592430426479083
canecol,11-1965,22.991427441983067
canecol,12-1965,18.04257247990327
canecol,01-1966,11.174923776814852
canecol,02-1966,6.700532286296085
canecol,03-1966,5.245384628907074
canecol,04-1966,6.482778056026269
canecol,05-1966,11.978434723078728
canecol,06-1966,21.917120434050553
canecol,07-1966,39.80011888343775
canecol,08-1966,19.391251507683506
canecol,09-1966,19.276952710204757
canecol,10-1966,17.32180718078712
canecol,11-1966,16.26486627420021
canecol,12-1966,26.83894243771663
canecol,01-1967,3.883136246682641
canecol,02-1967,3.488994614569498
canecol,03-1967,3.054760961836692
canecol,04-1967,5.594536967510411
canecol,05-1967,14.18172110754129
canecol,06-1967,13.584731894050202
canecol,07-1967,13.4599792148551
canecol,08-1967,23.45989930506082
canecol,09-1967,21.750997479101297
canecol,10-1967,26.494294904700045
canecol,11-1967,17.662083354459792
canecol,12-1967,9.01005558679557
canecol,01-1968,4.549094755053575
canecol,02-1968,2.9943197198794222
canecol,03-1968,2.842703067696851
canecol,04-1968,4.213581589921478
canecol,05-1968,4.951962508369581
canecol,06-1968,5.867277353768433
canecol,07-1968,8.040843689140837
canecol,08-1968,10.67509175712512
canecol,09-1968,9.447282190012146
canecol,10-1968,9.116291872622934
canecol,11-1968,10.447985888404155
canecol,12-1968,6.712656511881548
canecol,01-1969,5.3304342400956095
canecol,02-1969,5.123400822186232
canecol,03-1969,4.840866223554435
canecol,04-1969,5.51760004939924
canecol,05-1969,22.682429223710642
canecol,06-1969,63.80041504857294
canecol,07-1969,26.92416805871281
canecol,08-1969,33.89339107034233
canecol,09-1969,22.309119551578497
canecol,10-1969,14.606509661704786
canecol,11-1969,13.472333879285978
canecol,12-1969,9.069033442286624
canecol,01-1970,5.288822061725468
canecol,02-1970,5.278269526709578
canecol,03-1970,2.563126495145739
canecol,04-1970,5.063983128088964
canecol,05-1970,6.503062122610084
canecol,06-1970,22.850820816025223
canecol,07-1970,20.422805349647685
canecol,08-1970,22.058041049285887
canecol,09-1970,13.214192130414911
canecol,10-1970,14.824501179602981
canecol,11-1970,12.217293478921553
canecol,12-1970,11.55563106712576
canecol,01-1971,6.273488618247446
canecol,02-1971,5.165123255608566
canecol,03-1971,4.621247517676069
canecol,04-1971,2.5120999363607215
canecol,05-1971,25.13409477393392
canecol,06-1971,14.724386187364086
canecol,07-1971,34.74517744458966
canecol,08-1971,21.41944897992136
canecol,09-1971,14.863572605644746
canecol,10-1971,16.77663005774536
canecol,11-1971,12.193651334489036
canecol,12-1971,10.646948168569303
canecol,01-1972,6.4156766450116125
canecol,02-1972,4.308840391075557
canecol,03-1972,3.876262046432119
canecol,04-1972,4.292719177394617
canecol,05-1972,41.31267659101661
canecol,06-1972,64.97216643442523
canecol,07-1972,40.15247729220236
canecol,08-1972,52.778403737984114
canecol,09-1972,36.88396933987022
canecol,10-1972,39.46587818604977
canecol,11-1972,31.000954467668357
canecol,12-1972,20.06474883377596
canecol,01-1973,5.162415685049948
canecol,02-1973,4.219009568693496
canecol,03-1973,3.7324859765947696
canecol,04-1973,4.748151784475154
canecol,05-1973,18.715602802217322
canecol,06-1973,20.06053504940742
canecol,07-1973,25.39278977683766
canecol,08-1973,15.682588069016365
canecol,09-1973,12.85003511205711
canecol,10-1973,18.128094842400905
canecol,11-1973,12.119953480402563
canecol,12-1973,7.392645970955819
canecol,01-1974,4.558837150242632
canecol,02-1974,3.790060747575043
canecol,03-1974,3.1246500205511833
canecol,04-1974,3.4597020997673003
canecol,05-1974,8.11063068133911
canecol,06-1974,32.466248025731076
canecol,07-1974,20.807111817975333
canecol,08-1974,16.624359265881477
canecol,09-1974,17.758370677542366
canecol,10-1974,14.753663097455732
canecol,11-1974,13.96415760208382
canecol,12-1974,8.190952806896517
canecol,01-1975,5.045440177925113
canecol,02-1975,3.4545487855080923
canecol,03-1975,2.871166439026772
canecol,04-1975,8.796852217824688
canecol,05-1975,20.236504237871365
canecol,06-1975,33.56752826423707
canecol,07-1975,34.937641644485964
canecol,08-1975,18.20204862998498
canecol,09-1975,16.03894599382876
canecol,10-1975,17.642777718041675
canecol,11-1975,18.01596930475121
canecol,12-1975,11.320877370473843
canecol,01-1976,5.002090116261901
canecol,02-1976,3.624282168851088
canecol,03-1976,3.365206915180549
canecol,04-1976,3.175854868298411
canecol,05-1976,3.7123450611477082
canecol,06-1976,22.686164549111716
canecol,07-1976,12.368593391395475
canecol,08-1976,12.050778813348995
canecol,09-1976,14.0986170126827
canecol,10-1976,25.13128569326447
canecol,11-1976,15.017455687700751
canecol,12-1976,8.990139975914143
canecol,01-1977,5.738381210997888
canecol,02-1977,3.6428447285560948
canecol,03-1977,3.1221757604187212
canecol,04-1977,5.656086501999347
canecol,05-1977,20.30110153786581
canecol,06-1977,22.51480384155873
canecol,07-1977,42.586995955373155
canecol,08-1977,25.883826727764486
canecol,09-1977,23.30487158600303
canecol,10-1977,24.282796696175485
canecol,11-1977,22.937619093477362
canecol,12-1977,14.95025773577118
canecol,01-1978,3.586459221215325
canecol,02-1978,3.0671569181760465
canecol,03-1978,2.536795619886787
canecol,04-1978,4.175641583927924
canecol,05-1978,9.997848038498777
canecol,06-1978,18.985686690594417
canecol,07-1978,59.26774395040714
canecol,08-1978,17.19374208359527
canecol,09-1978,27.830633425120084
canecol,10-1978,30.67994701355749
canecol,11-1978,22.199865098329756
canecol,12-1978,6.173213989135059
canecol,01-1979,5.067708528510252
canecol,02-1979,6.833278076482042
canecol,03-1979,7.570737632107368
canecol,04-1979,2.780600483419887
canecol,05-1979,10.090963813416106
canecol,06-1979,9.32178125926409
canecol,07-1979,18.925161322617615
canecol,08-1979,64.38877639809141
canecol,09-1979,30.135471382996474
canecol,10-1979,16.82422293811835
canecol,11-1979,18.461201868174697
canecol,12-1979,16.91886138107924
canecol,01-1980,6.76863757848489
canecol,02-1980,5.60205492126693
canecol,03-1980,3.7388487021502486
canecol,04-1980,24.38552682905715
canecol,05-1980,53.744139616167104
canecol,06-1980,55.95956182364612
canecol,07-1980,37.9423775122704
canecol,08-1980,26.599327294744665
canecol,09-1980,13.291030286757879
canecol,10-1980,11.622340321640696
canecol,11-1980,10.007629260908658
canecol,12-1980,7.14596086551995
canecol,01-1981,3.7472233727419644
canecol,02-1981,3.738180509771837
canecol,03-1981,3.4562003659683547
canecol,04-1981,7.092983528555758
canecol,05-1981,60.28152425152929
canecol,06-1981,32.074210015388836
canecol,07-1981,30.61166457868441
canecol,08-1981,21.813754440684765
canecol,09-1981,17.792802690632374
canecol,10-1981,12.542181854794269
canecol,11-1981,8.838170147643538
canecol,12-1981,5.164622153792328
canecol,01-1982,7.310235106061104
canecol,02-1982,4.437730171664136
canecol,03-1982,4.355193850627544
canecol,04-1982,3.592996761992839
canecol,05-1982,19.414475043725282
canecol,06-1982,40.58874166120009
canecol,07-1982,54.2871820152805
canecol,08-1982,23.430527099056
canecol,09-1982,31.754749465582623
canecol,10-1982,35.07598433320887
canecol,11-1982,20.811901753146827
canecol,12-1982,14.215729465256189
canecol,01-1983,3.609692639218757
canecol,02-1983,3.091865270260445
canecol,03-1983,3.053934101359119
canecol,04-1983,6.538928177652529
canecol,05-1983,8.976608919043944
canecol,06-1983,39.22292024051643
canecol,07-1983,26.298262746139372
canecol,08-1983,16.255446484484036
canecol,09-1983,14.499107227321979
canecol,10-1983,14.961503976912393
canecol,11-1983,11.618137808824427
canecol,12-1983,5.895681398648544
canecol,01-1984,7.240784784397336
canecol,02-1984,4.533687719468318
canecol,03-1984,4.1253942212082615
canecol,04-1984,4.248516929267465
canecol,05-1984,16.532757505209542
canecol,06-1984,19.152763794589333
canecol,07-1984,41.695198813943506
canecol,08-1984,13.88422299070745
canecol,09-1984,20.267537922824975
canecol,10-1984,26.530393514254108
canecol,11-1984,26.80224756972506
canecol,12-1984,12.588786175223479
canecol,01-1985,2.72
canecol,02-1985,2.3
canecol,03-1985,2.1600000000000006
canecol,04-1985,10.9
canecol,05-1985,31.499999999999996
canecol,06-1985,22.200000000000003
canecol,07-1985,37.4
canecol,08-1985,10.600000000000001
canecol,09-1985,18.9
canecol,10-1985,19.6
canecol,11-1985,13.800000000000004
canecol,12-1985,4.61
canecol,01-1986,3.7700000000000005
canecol,02-1986,3.7
canecol,03-1986,3.21
canecol,04-1986,7.33
canecol,05-1986,41.199999999999996
canecol,06-1986,57.39999999999999
canecol,07-1986,15.699999999999998
canecol,08-1986,27.599999999999994
canecol,09-1986,16.800000000000004
canecol,10-1986,13.999999999999998
canecol,11-1986,24.199999999999996
canecol,12-1986,12.999999999999996
canecol,01-1987,3.17
canecol,02-1987,1.8
canecol,03-1987,2.51
canecol,04-1987,1.95
canecol,05-1987,4.4750000000000005
canecol,06-1987,20.199999999999996
canecol,07-1987,30.100000000000005
canecol,08-1987,28.1
canecol,09-1987,18.199999999999996
canecol,10-1987,24.199999999999996
canecol,11-1987,15.099999999999998
canecol,12-1987,5.249999999999999
canecol,01-1988,3.49
canecol,02-1988,2.63
canecol,03-1988,1.9999999999999998
canecol,04-1988,3.5399999999999996
canecol,05-1988,5.89
canecol,06-1988,20.099999999999998
canecol,07-1988,19.0
canecol,08-1988,15.0
canecol,09-1988,14.4
canecol,10-1988,16.8
canecol,11-1988,14.799999999999999
canecol,12-1988,7.08
canecol,01-1989,1.57
canecol,02-1989,1.75
canecol,03-1989,2.74
canecol,04-1989,1.2099999999999997
canecol,05-1989,1.1400000000000001
canecol,06-1989,21.4
canecol,07-1989,13.699999999999998
canecol,08-1989,20.6
canecol,09-1989,12.899999999999999
canecol,10-1989,10.399999999999999
canecol,11-1989,6.630000000000001
canecol,12-1989,6.41
canecol,01-1990,2.0100000000000002
canecol,02-1990,1.1499999999999997
canecol,03-1990,0.7660000000000001
canecol,04-1990,7.640000000000001
canecol,05-1990,15.799999999999997
canecol,06-1990,19.799999999999997
canecol,07-1990,10.200000000000001
canecol,08-1990,24.3
canecol,09-1990,38.1
canecol,10-1990,13.3
canecol,11-1990,6.32
canecol,12-1990,2.6900000000000004
canecol,01-1991,6.68
canecol,02-1991,11.399999999999999
canecol,03-1991,10.899999999999999
canecol,04-1991,6.76
canecol,05-1991,52.5
canecol,06-1991,24.200000000000003
canecol,07-1991,39.3
canecol,08-1991,13.3
canecol,09-1991,23.3
canecol,10-1991,14.400000000000002
canecol,11-1991,8.71
canecol,12-1991,16.1
canecol,01-1992,4.16
canecol,02-1992,1.9400000000000002
canecol,03-1992,3.08
canecol,04-1992,20.199999999999996
canecol,05-1992,62.00000000000001
canecol,06-1992,41.70000000000001
canecol,07-1992,23.0
canecol,08-1992,9.86
canecol,09-1992,15.700000000000001
canecol,10-1992,20.5
canecol,11-1992,16.6
canecol,12-1992,8.76
canecol,01-1993,5.18
canecol,02-1993,3.3499999999999996
canecol,03-1993,1.29
canecol,04-1993,13.999999999999996
canecol,05-1993,30.8
canecol,06-1993,63.0
canecol,07-1993,40.0
canecol,08-1993,36.2
canecol,09-1993,18.9
canecol,10-1993,15.0
canecol,11-1993,12.300000000000004
canecol,12-1993,12.4
canecol,01-1994,2.9099999999999997
canecol,02-1994,1.83
canecol,03-1994,1.47
canecol,04-1994,7.58
canecol,05-1994,11.999999999999998
canecol,06-1994,35.60000000000001
canecol,07-1994,51.9
canecol,08-1994,12.700000000000003
canecol,09-1994,28.199999999999996
canecol,10-1994,20.600000000000005
canecol,11-1994,10.5
canecol,12-1994,9.39
canecol,01-1995,6.124786680780867
canecol,02-1995,4.949997351293552
canecol,03-1995,5.671883642236276
canecol,04-1995,5.6689547401755
canecol,05-1995,6.532431430776974
canecol,06-1995,36.334586250226785
canecol,07-1995,24.082512928516334
canecol,08-1995,14.570676162176444
canecol,09-1995,15.867855667636283
canecol,10-1995,27.89307361589533
canecol,11-1995,15.193845785734315
canecol,12-1995,8.50453024635091
canecol,01-1996,5.58954335357277
canecol,02-1996,4.631983516310532
canecol,03-1996,4.325005699821885
canecol,04-1996,6.080603186977726
canecol,05-1996,6.01903338323155
canecol,06-1996,15.764113861962521
canecol,07-1996,38.91187390682721
canecol,08-1996,20.698405003437
canecol,09-1996,41.13155142099909
canecol,10-1996,33.403799128234624
canecol,11-1996,19.978944060935387
canecol,12-1996,11.07344059550147
canecol,01-1997,3.1900000000000004
canecol,02-1997,1.74
canecol,03-1997,1.2200000000000002
canecol,04-1997,17.6
canecol,05-1997,19.2
canecol,06-1997,51.39999999999999
canecol,07-1997,27.6
canecol,08-1997,26.4
canecol,09-1997,27.6
canecol,10-1997,23.0
canecol,11-1997,17.5
canecol,12-1997,7.06
canecol,01-1998,1.1299999999999997
canecol,02-1998,0.89
canecol,03-1998,0.8899999999999999
canecol,04-1998,1.9500000000000002
canecol,05-1998,3.71
canecol,06-1998,5.16
canecol,07-1998,8.82
canecol,08-1998,10.719999999999999
canecol,09-1998,7.0
canecol,10-1998,6.21
canecol,11-1998,2.77
canecol,12-1998,1.8900000000000001
canecol,01-1999,2.7375
canecol,02-1999,2.5532738095238097
canecol,03-1999,2.2521102150537633
canecol,04-1999,2.38
canecol,05-1999,3.8700000000000006
canecol,06-1999,26.6
canecol,07-1999,12.3
canecol,08-1999,25.699999999999996
canecol,09-1999,36.4
canecol,10-1999,13.899999999999999
canecol,11-1999,3.76
canecol,12-1999,2.64
canecol,01-2000,5.186364539504443
canecol,02-2000,3.425520833333333
canecol,03-2000,1.7581854838709676
canecol,04-2000,1.5199861111111113
canecol,05-2000,4.070282258064516
canecol,06-2000,17.625297222222223
canecol,07-2000,19.390295698924735
canecol,08-2000,38.19514784946236
canecol,09-2000,35.35398611111111
canecol,10-2000,19.57
canecol,11-2000,11.48394329710145
canecol,12-2000,6.4080486792893865
canecol,01-2001,0.8753268817204303
canecol,02-2001,2.4564732142857144
canecol,03-2001,13.225012365591397
canecol,04-2001,1.8947499999999997
canecol,05-2001,44.509677419354844
canecol,06-2001,35.77047222222223
canecol,07-2001,71.4925
canecol,08-2001,31.31073924731183
canecol,09-2001,17.172194444444443
canecol,10-2001,10.868842917251051
canecol,11-2001,9.900097222222222
canecol,12-2001,4.371895161290323
canecol,01-2002,9.022903225806452
canecol,02-2002,3.2628720238095243
canecol,03-2002,1.1325000000000003
canecol,04-2002,7.276347222222222
canecol,05-2002,18.437303763440863
canecol,06-2002,30.789041666666662
canecol,07-2002,23.111169354838704
canecol,08-2002,61.62737903225806
canecol,09-2002,28.24
canecol,10-2002,55.52521505376344
canecol,11-2002,29.120000000000005
canecol,12-2002,19.286142473118282
canecol,01-2003,1.6541706989247313
canecol,02-2003,0.24258266129032258
canecol,03-2003,0.6844610361150067
canecol,04-2003,0.9446944444444445
canecol,05-2003,1.5346572580645164
canecol,06-2003,63.621069444444444
canecol,07-2003,27.067741935483873
canecol,08-2003,13.796212365591398
canecol,09-2003,16.110200000000003
canecol,10-2003,14.850489247311831
canecol,11-2003,10.499772401433692
canecol,12-2003,6.2967419354838725
canecol,01-2004,1.4683666432912574
canecol,02-2004,0.2310863095238095
canecol,03-2004,0.04999999999999995
canecol,04-2004,20.692332371794873
canecol,05-2004,5.323104838709677
canecol,06-2004,32.33168405797101
canecol,07-2004,30.524816756272408
canecol,08-2004,14.388774193548386
canecol,09-2004,20.720298850574714
canecol,10-2004,18.814319074333802
canecol,11-2004,17.10173275862069
canecol,12-2004,4.9751829125759715
canecol,01-2005,3.4459595410628014
canecol,02-2005,0.8769985766045548
canecol,03-2005,0.51
canecol,04-2005,1.4139333333333335
canecol,05-2005,10.13455917874396
canecol,06-2005,49.819640096618365
canecol,07-2005,39.2554610799439
canecol,08-2005,47.526899193548395
canecol,09-2005,18.257444444444445
canecol,10-2005,9.88455917874396
canecol,11-2005,17.439972826086958
canecol,12-2005,14.59368055555556
canecol,01-2006,4.453553140096619
canecol,02-2006,0.8688541666666667
canecol,03-2006,0.49999999999999994
canecol,04-2006,3.5807770531400958
canecol,05-2006,8.396442964001869
canecol,06-2006,53.94323888888888
canecol,07-2006,51.572688172043016
canecol,08-2006,27.629032258064512
canecol,09-2006,27.93066666666666
canecol,10-2006,19.037741935483872
canecol,11-2006,16.79756944444444
canecol,12-2006,15.409616935483866
canecol,01-2007,1.032438639551192
canecol,02-2007,0.5
canecol,03-2007,0.691748989544817
canecol,04-2007,1.8196111111111106
canecol,05-2007,2.07258064516129
canecol,06-2007,3.7559196859903374
canecol,07-2007,36.325468189964155
canecol,08-2007,10.253314749883122
canecol,09-2007,13.590708333333335
canecol,10-2007,13.38774193548387
canecol,11-2007,11.424197222222226
canecol,12-2007,6.353763440860215
canecol,01-2008,1.6680645161290326
canecol,02-2008,1.6680645161290322
canecol,03-2008,1.2109090909090914
canecol,04-2008,2.2873333333333337
canecol,05-2008,71.21193548387097
canecol,06-2008,23.030333333333328
canecol,07-2008,27.310967741935485
canecol,08-2008,56.920967741935485
canecol,09-2008,31.840666666666664
canecol,10-2008,11.802258064516128
canecol,11-2008,8.12833333333333
canecol,12-2008,3.712258064516129
canecol,01-2009,4.469032258064516
canecol,02-2009,2.8675
canecol,03-2009,0.5
canecol,04-2009,7.0293333333333345
canecol,05-2009,44.1409677419355
canecol,06-2009,24.084333333333337
canecol,07-2009,33.251612903225805
canecol,08-2009,35.033225806451604
canecol,09-2009,22.265333333333334
canecol,10-2009,23.124193548387098
canecol,11-2009,27.624000000000002
canecol,12-2009,10.402258064516129
canecol,01-2010,3.8954838709677406
canecol,02-2010,2.8132142857142854
canecol,03-2010,2.352258064516129
canecol,04-2010,2.5566666666666666
canecol,05-2010,2.434193548387096
canecol,06-2010,20.944666666666663
canecol,07-2010,24.56935483870968
canecol,08-2010,19.04064516129032
canecol,09-2010,16.361666666666668
canecol,10-2010,15.850645161290323
canecol,11-2010,14.635333333333335
canecol,12-2010,8.46225806451613
canecol,01-2011,3.1238709677419365
canecol,02-2011,3.5034482758620684
canecol,03-2011,3.2909677419354844
canecol,04-2011,7.740666666666667
canecol,05-2011,4.665161290322581
canecol,06-2011,22.067666666666664
canecol,07-2011,26.0258064516129
canecol,08-2011,56.83838709677418
canecol,09-2011,31.738666666666667
canecol,10-2011,22.597419354838713
canecol,11-2011,14.951333333333334
canecol,12-2011,5.97741935483871
canecol,01-2012,4.495161290322581
canecol,02-2012,2.6653571428571436
canecol,03-2012,1.2483870967741937
canecol,04-2012,2.076
canecol,05-2012,20.912903225806456
canecol,06-2012,47.080999999999996
canecol,07-2012,22.00290322580645
canecol,08-2012,10.793225806451614
canecol,09-2012,8.413333333333332
canecol,10-2012,7.880645161290322
canecol,11-2012,4.725
canecol,12-2012,16.520322580645164
canecol,01-2013,2.218387096774194
canecol,02-2013,1.7085714285714286
canecol,03-2013,1.3793548387096763
canecol,04-2013,0.903
canecol,05-2013,7.215483870967741
canecol,06-2013,26.036333333333335
canecol,07-2013,43.88677419354839
canecol,08-2013,36.774516129032264
canecol,09-2013,44.633666666666684
canecol,10-2013,17.610967741935482
canecol,11-2013,9.453000000000001
canecol,12-2013,4.156129032258065
canecol,01-2014,2.5835483870967746
canecol,02-2014,1.5582142857142853
canecol,03-2014,0.8277419354838709
canecol,04-2014,1.055
canecol,05-2014,17.56612903225806
canecol,06-2014,46.09733333333334
canecol,07-2014,43.8258064516129
canecol,08-2014,56.28193548387096
canecol,09-2014,35.44633333333333
canecol,10-2014,19.0841935483871
canecol,11-2014,8.732
canecol,12-2014,5.316451612903225
canecol,01-2015,2.655913978494623
canecol,02-2015,1.5663793103448282
canecol,03-2015,1.1390322580645165
canecol,04-2015,0.8790000000000006
canecol,05-2015,1.0025806451612902
canecol,06-2015,35.71487500000001
canecol,07-2015,23.30717741935484
canecol,08-2015,53.902903225806455
canecol,09-2015,24.115152777777766
canecol,10-2015,24.119677419354836
canecol,11-2015,12.385000000000002
canecol,12-2015,4.9309811827956995
canecol,01-2016,1.9048387096774198
canecol,02-2016,1.5317857142857143
canecol,03-2016,1.4777419354838701
canecol,04-2016,2.1026666666666665
canecol,05-2016,2.8006451612903227
canecol,06-2016,2.766000000000001
canecol,07-2016,7.554838709677419
canecol,08-2016,12.663548387096775
canecol,09-2016,9.497000000000002
canecol,10-2016,9.23741935483871
canecol,11-2016,5.077000000000001
canecol,12-2016,3.7564516129032275
canecol,01-2017,6.158387096774194
canecol,02-2017,1.7514285714285711
canecol,03-2017,1.4096774193548383
canecol,04-2017,1.230666666666667
canecol,05-2017,8.176774193548386
canecol,06-2017,17.159333333333333
canecol,07-2017,23.488709677419358
canecol,08-2017,22.985483870967744
canecol,09-2017,23.245000000000005
canecol,10-2017,24.503225806451614
canecol,11-2017,22.640333333333334
canecol,12-2017,16.093225806451617
canecol,01-2018,4.631612903225805
canecol,02-2018,2.642857142857142
canecol,03-2018,1.7132258064516128
canecol,04-2018,5.361666666666666
canecol,05-2018,7.44483870967742
canecol,06-2018,12.570666666666666
canecol,07-2018,12.951612903225804
canecol,08-2018,10.105161290322581
canecol,09-2018,11.205999999999996
canecol,10-2018,13.236774193548388
canecol,11-2018,12.795333333333332
canecol,12-2018,6.814838709677419
canecol,01-2019,2.2570967741935486
canecol,02-2019,1.4551724137931035
canecol,03-2019,0.994193548387097
canecol,04-2019,1.018
canecol,05-2019,6.60741935483871
canecol,06-2019,11.567333333333334
canecol,07-2019,14.633225806451614
canecol,08-2019,14.449032258064516
canecol,09-2019,12.231000000000002
canecol,10-2019,12.272903225806452
canecol,11-2019,9.913333333333332
canecol,12-2019,4.325161290322582
canecol,01-2020,2.7799617857142858
canecol,02-2020,2.1234342857142856
canecol,03-2020,1.2273867857142857
canecol,04-2020,4.031075892857142
canecol,05-2020,5.876517857142858
canecol,06-2020,24.669361607142857
canecol,07-2020,44.05098214285714
canecol,08-2020,14.824767857142858
canecol,09-2020,11.534022321428571
canecol,10-2020,16.218425
canecol,11-2020,14.988971339285717
canecol,12-2020,7.633417410714286
canecol,01-2021,1.4687539250000001
canecol,02-2021,1.0194225285714285
canecol,03-2021,0.8555155178571429
canecol,04-2021,2.121518025
canecol,05-2021,4.32465865
canecol,06-2021,20.68325325
canecol,07-2021,9.8314765
canecol,08-2021,18.0246262
canecol,09-2021,20.1027107
canecol,10-2021,11.064721028571428
canecol,11-2021,6.763657885714286
canecol,12-2021,2.7752917714285714
canecol,01-2022,2.0826162491071427
canecol,02-2022,1.3242299928571428
canecol,03-2022,0.9937619401785714
canecol,04-2022,8.594563725
canecol,05-2022,13.243430475
canecol,06-2022,17.661025799999997
canecol,07-2022,30.280604
canecol,08-2022,29.8331896
canecol,09-2022,22.1810206
canecol,10-2022,16.99608805714286
canecol,11-2022,13.522784057142857
canecol,12-2022,6.252247371428572
canecol,01-2023,12.37138392857143
canecol,02-2023,8.185401785714285
canecol,03-2023,5.971473214285714
canecol,04-2023,1.9609375
canecol,05-2023,4.711026785714285
canecol,06-2023,27.4703125
canecol,07-2023,27.507008928571427
canecol,08-2023,63.85084821428571
canecol,09-2023,64.82611607142857
canecol,10-2023,29.207098214285715
canecol,11-2023,33.027455357142856
canecol,12-2023,23.691026785714286
eltoro,01-1960,29.197970254992697
eltoro,02-1960,21.105018453579298
eltoro,03-1960,25.138598211557902
eltoro,04-1960,24.9964106686985
eltoro,05-1960,24.1921754730287
eltoro,06-1960,112.91231570568195
eltoro,07-1960,92.4533349288166
eltoro,08-1960,61.16028719742929
eltoro,09-1960,92.41321322045539
eltoro,10-1960,108.62338214768658
eltoro,11-1960,136.748013325203
eltoro,12-1960,76.98482773252417
eltoro,01-1961,14.3190252969994
eltoro,02-1961,13.147651504762901
eltoro,03-1961,12.32189744810579
eltoro,04-1961,30.269859732303004
eltoro,05-1961,25.1457327352759
eltoro,06-1961,61.39848865565849
eltoro,07-1961,34.992915647500595
eltoro,08-1961,46.15249932438441
eltoro,09-1961,48.992600851356904
eltoro,10-1961,51.802386734591806
eltoro,11-1961,40.946626160265595
eltoro,12-1961,21.069372265723203
eltoro,01-1962,20.15
eltoro,02-1962,23.090000000000003
eltoro,03-1962,18.03
eltoro,04-1962,11.45
eltoro,05-1962,20.939999999999998
eltoro,06-1962,38.94
eltoro,07-1962,26.459999999999997
eltoro,08-1962,61.000000000000014
eltoro,09-1962,52.989999999999995
eltoro,10-1962,62.59
eltoro,11-1962,54.08
eltoro,12-1962,22.6
eltoro,01-1963,65.32
eltoro,02-1963,19.81
eltoro,03-1963,35.54
eltoro,04-1963,22.02
eltoro,05-1963,25.61
eltoro,06-1963,43.629999999999995
eltoro,07-1963,56.16
eltoro,08-1963,60.459999999999994
eltoro,09-1963,64.79
eltoro,10-1963,114.52855732831236
eltoro,11-1963,159.78689904859522
eltoro,12-1963,139.6
eltoro,01-1964,38.09
eltoro,02-1964,28.580000000000002
eltoro,03-1964,20.14
eltoro,04-1964,14.75
eltoro,05-1964,21.990000000000002
eltoro,06-1964,27.2
eltoro,07-1964,27.58
eltoro,08-1964,28.78
eltoro,09-1964,46.33000000000001
eltoro,10-1964,88.53000000000002
eltoro,11-1964,96.42
eltoro,12-1964,75.14
eltoro,01-1965,58.230000000000004
eltoro,02-1965,33.080000000000005
eltoro,03-1965,23.21
eltoro,04-1965,49.48000000000001
eltoro,05-1965,78.26086261653519
eltoro,06-1965,139.64522261964052
eltoro,07-1965,89.97
eltoro,08-1965,89.53874782608695
eltoro,09-1965,47.37
eltoro,10-1965,102.40999999999998
eltoro,11-1965,168.55369315601135
eltoro,12-1965,145.9302073795592
eltoro,01-1966,88.31
eltoro,02-1966,48.529999999999994
eltoro,03-1966,29.329999999999995
eltoro,04-1966,29.05
eltoro,05-1966,43.830000000000005
eltoro,06-1966,58.55
eltoro,07-1966,95.79817883420228
eltoro,08-1966,53.00999999999999
eltoro,09-1966,50.739999999999995
eltoro,10-1966,96.01
eltoro,11-1966,140.70000000000005
eltoro,12-1966,148.43944751381215
eltoro,01-1967,35.519999999999996
eltoro,02-1967,28.09
eltoro,03-1967,26.070000000000004
eltoro,04-1967,27.68
eltoro,05-1967,44.47
eltoro,06-1967,34.739999999999995
eltoro,07-1967,32.7
eltoro,08-1967,51.8
eltoro,09-1967,51.42
eltoro,10-1967,120.35000000000002
eltoro,11-1967,130.17000000000002
eltoro,12-1967,80.74999999999999
eltoro,01-1968,30.070000000000007
eltoro,02-1968,21.939999999999998
eltoro,03-1968,19.92
eltoro,04-1968,24.94
eltoro,05-1968,26.79
eltoro,06-1968,23.34
eltoro,07-1968,24.94
eltoro,08-1968,36.86
eltoro,09-1968,40.69
eltoro,10-1968,46.050000000000004
eltoro,11-1968,53.06999999999999
eltoro,12-1968,42.60999999999999
eltoro,01-1969,39.97
eltoro,02-1969,32.72
eltoro,03-1969,26.200000000000003
eltoro,04-1969,29.990000000000006
eltoro,05-1969,61.739999999999995
eltoro,06-1969,145.33736567992952
eltoro,07-1969,80.19999999999999
eltoro,08-1969,81.73
eltoro,09-1969,82.36
eltoro,10-1969,85.92999999999999
eltoro,11-1969,128.42616050413787
eltoro,12-1969,97.36542908948167
eltoro,01-1970,50.76
eltoro,02-1970,37.24
eltoro,03-1970,27.450000000000003
eltoro,04-1970,23.949999999999996
eltoro,05-1970,29.630000000000003
eltoro,06-1970,55.330000000000005
eltoro,07-1970,44.230000000000004
eltoro,08-1970,39.13
eltoro,09-1970,44.620000000000005
eltoro,10-1970,91.99000000000001
eltoro,11-1970,128.20839742517975
eltoro,12-1970,105.42492257538711
eltoro,01-1971,43.559999999999995
eltoro,02-1971,13.330000000000002
eltoro,03-1971,25.880000000000003
eltoro,04-1971,21.92
eltoro,05-1971,76.17574076135678
eltoro,06-1971,50.7
eltoro,07-1971,97.08056650472088
eltoro,08-1971,87.3152586902399
eltoro,09-1971,65.15
eltoro,10-1971,105.04091059137914
eltoro,11-1971,123.66933226303034
eltoro,12-1971,77.56
eltoro,01-1972,59.209999999999994
eltoro,02-1972,35.830000000000005
eltoro,03-1972,25.57
eltoro,04-1972,20.61
eltoro,05-1972,182.84075700698844
eltoro,06-1972,158.06379869063105
eltoro,07-1972,77.67
eltoro,08-1972,138.12768161331294
eltoro,09-1972,93.76
eltoro,10-1972,106.47366703133127
eltoro,11-1972,150.9
eltoro,12-1972,118.90000000000003
eltoro,01-1973,36.010000000000005
eltoro,02-1973,23.79
eltoro,03-1973,20.070000000000004
eltoro,04-1973,20.5
eltoro,05-1973,59.94568801716213
eltoro,06-1973,65.88000000000001
eltoro,07-1973,61.3
eltoro,08-1973,43.83
eltoro,09-1973,44.769999999999996
eltoro,10-1973,79.51
eltoro,11-1973,97.52000000000001
eltoro,12-1973,56.230000000000004
eltoro,01-1974,34.730000000000004
eltoro,02-1974,32.849999999999994
eltoro,03-1974,24.89
eltoro,04-1974,17.82
eltoro,05-1974,35.67999999999999
eltoro,06-1974,61.32
eltoro,07-1974,40.75
eltoro,08-1974,42.77
eltoro,09-1974,45.71000000000001
eltoro,10-1974,105.24800428840774
eltoro,11-1974,129.25570108825983
eltoro,12-1974,75.47
eltoro,01-1975,54.59000000000001
eltoro,02-1975,32.66000000000001
eltoro,03-1975,24.799999999999997
eltoro,04-1975,35.53
eltoro,05-1975,74.87349989694324
eltoro,06-1975,86.79
eltoro,07-1975,79.48000000000002
eltoro,08-1975,45.42999999999999
eltoro,09-1975,55.18000000000001
eltoro,10-1975,105.75
eltoro,11-1975,158.40000000000003
eltoro,12-1975,116.53617377033457
eltoro,01-1976,42.03
eltoro,02-1976,26.46
eltoro,03-1976,26.93
eltoro,04-1976,23.41
eltoro,05-1976,30.16
eltoro,06-1976,65.50999999999999
eltoro,07-1976,49.02
eltoro,08-1976,44.72
eltoro,09-1976,68.83
eltoro,10-1976,96.22
eltoro,11-1976,117.92574291459707
eltoro,12-1976,75.57000000000001
eltoro,01-1977,54.32000000000001
eltoro,02-1977,29.13
eltoro,03-1977,28.820000000000007
eltoro,04-1977,19.49
eltoro,05-1977,61.97
eltoro,06-1977,68.05000000000001
eltoro,07-1977,71.32000000000001
eltoro,08-1977,46.8
eltoro,09-1977,82.17435576937767
eltoro,10-1977,140.5546784992112
eltoro,11-1977,185.5
eltoro,12-1977,136.01223473194997
eltoro,01-1978,36.849999999999994
eltoro,02-1978,26.250000000000004
eltoro,03-1978,25.77
eltoro,04-1978,22.259999999999998
eltoro,05-1978,50.669999999999995
eltoro,06-1978,62.56
eltoro,07-1978,146.91419731331465
eltoro,08-1978,67.34000000000002
eltoro,09-1978,93.74000000000001
eltoro,10-1978,139.61895582957112
eltoro,11-1978,135.7
eltoro,12-1978,80.294265173888
eltoro,01-1979,44.989999999999995
eltoro,02-1979,56.67
eltoro,03-1979,45.59
eltoro,04-1979,23.12
eltoro,05-1979,40.879999999999995
eltoro,06-1979,34.989999999999995
eltoro,07-1979,84.8176436828486
eltoro,08-1979,140.47592653863185
eltoro,09-1979,103.29000000000002
eltoro,10-1979,93.58000000000001
eltoro,11-1979,118.71088236213663
eltoro,12-1979,104.5388693100478
eltoro,01-1980,37.239999999999995
eltoro,02-1980,22.969999999999995
eltoro,03-1980,24.839999999999996
eltoro,04-1980,90.69389368703668
eltoro,05-1980,162.8485630252006
eltoro,06-1980,162.0133366429037
eltoro,07-1980,109.1
eltoro,08-1980,73.71000000000001
eltoro,09-1980,66.66
eltoro,10-1980,85.38
eltoro,11-1980,83.42999999999999
eltoro,12-1980,59.629999999999995
eltoro,01-1981,25.276399772
eltoro,02-1981,21.408487731999998
eltoro,03-1981,20.238791433
eltoro,04-1981,25.266508345
eltoro,05-1981,180.41345754401817
eltoro,06-1981,103.3949089942138
eltoro,07-1981,77.47810220900001
eltoro,08-1981,71.52717188100002
eltoro,09-1981,63.95552900900002
eltoro,10-1981,80.04133537400001
eltoro,11-1981,72.232884923
eltoro,12-1981,38.116037500999994
eltoro,01-1982,90.79267563571392
eltoro,02-1982,37.800542715
eltoro,03-1982,21.202021843000004
eltoro,04-1982,15.372776357
eltoro,05-1982,53.331889504
eltoro,06-1982,104.121458538
eltoro,07-1982,117.645341614
eltoro,08-1982,69.13577240800001
eltoro,09-1982,132.5558433917824
eltoro,10-1982,140.08545486776737
eltoro,11-1982,159.78340614919327
eltoro,12-1982,160.562782856
eltoro,01-1983,26.903020555
eltoro,02-1983,15.674218168000001
eltoro,03-1983,20.062099459
eltoro,04-1983,23.971587341999996
eltoro,05-1983,26.22199398
eltoro,06-1983,112.24177550083381
eltoro,07-1983,58.833451649000004
eltoro,08-1983,46.009426315
eltoro,09-1983,47.072710150999995
eltoro,10-1983,100.06047088000001
eltoro,11-1983,109.50142963276394
eltoro,12-1983,47.483071556
eltoro,01-1984,66.827712519
eltoro,02-1984,30.576063659999996
eltoro,03-1984,22.498843419000004
eltoro,04-1984,20.913728494
eltoro,05-1984,43.472217181000005
eltoro,06-1984,41.133936747999996
eltoro,07-1984,72.90850667800001
eltoro,08-1984,34.372660778000004
eltoro,09-1984,68.670023828
eltoro,10-1984,158.97020294767145
eltoro,11-1984,165.8295599873807
eltoro,12-1984,139.96129328592394
eltoro,01-1985,22.19677515
eltoro,02-1985,20.326523445
eltoro,03-1985,18.715720834000003
eltoro,04-1985,34.155331921
eltoro,05-1985,86.29539291885129
eltoro,06-1985,85.53175909699999
eltoro,07-1985,95.62928596789784
eltoro,08-1985,44.318150513000006
eltoro,09-1985,57.221603877999996
eltoro,10-1985,82.596010936
eltoro,11-1985,90.25212451499999
eltoro,12-1985,40.601479096000006
eltoro,01-1986,35.63578739
eltoro,02-1986,22.824265943
eltoro,03-1986,26.890012337
eltoro,04-1986,35.616056462
eltoro,05-1986,117.16182702699999
eltoro,06-1986,174.27438778013519
eltoro,07-1986,69.01164920699999
eltoro,08-1986,85.64560539
eltoro,09-1986,64.23034569500001
eltoro,10-1986,115.780430268
eltoro,11-1986,108.18070190778454
eltoro,12-1986,83.91246171617553
eltoro,01-1987,31.523944446
eltoro,02-1987,24.932165744
eltoro,03-1987,26.406927568000004
eltoro,04-1987,20.083330394
eltoro,05-1987,24.989215695000006
eltoro,06-1987,73.82041928
eltoro,07-1987,100.3272247457055
eltoro,08-1987,65.913458268
eltoro,09-1987,64.571440765
eltoro,10-1987,144.84708258635214
eltoro,11-1987,129.5391195705807
eltoro,12-1987,57.426578092000014
eltoro,01-1988,32.27818178
eltoro,02-1988,24.120206732
eltoro,03-1988,14.791891366000002
eltoro,04-1988,20.398031815
eltoro,05-1988,21.362660753000004
eltoro,06-1988,45.82390306799999
eltoro,07-1988,50.675259263
eltoro,08-1988,66.236061153
eltoro,09-1988,47.18598958000001
eltoro,10-1988,95.136020737
eltoro,11-1988,132.82207247390406
eltoro,12-1988,73.652386703
eltoro,01-1989,24.871174786153546
eltoro,02-1989,18.446705807025328
eltoro,03-1989,19.97200022470691
eltoro,04-1989,13.75723464970213
eltoro,05-1989,12.740928525300001
eltoro,06-1989,41.157323475892866
eltoro,07-1989,39.98950014279214
eltoro,08-1989,43.139408531260855
eltoro,09-1989,49.073961330246306
eltoro,10-1989,101.6806113803724
eltoro,11-1989,99.03653053166506
eltoro,12-1989,54.32985288176619
eltoro,01-1990,20.2950778648332
eltoro,02-1990,14.570728027884599
eltoro,03-1990,12.600204479914195
eltoro,04-1990,33.53702553551936
eltoro,05-1990,47.54960055534749
eltoro,06-1990,54.1114889966332
eltoro,07-1990,38.40765584556731
eltoro,08-1990,82.62892595259368
eltoro,09-1990,115.87237934824269
eltoro,10-1990,80.01749659317882
eltoro,11-1990,53.9870821209571
eltoro,12-1990,30.373080993432936
eltoro,01-1991,35.58323762336901
eltoro,02-1991,22.6304722792919
eltoro,03-1991,21.731965329733498
eltoro,04-1991,26.948513377855
eltoro,05-1991,171.22753819922792
eltoro,06-1991,107.02957275231898
eltoro,07-1991,93.56448827198919
eltoro,08-1991,44.8557168854066
eltoro,09-1991,77.7443315798544
eltoro,10-1991,83.30202992152519
eltoro,11-1991,94.69709075099308
eltoro,12-1991,60.807429282551695
eltoro,01-1992,50.763195722032
eltoro,02-1992,26.5626482712738
eltoro,03-1992,23.667836948184
eltoro,04-1992,27.5313951485004
eltoro,05-1992,123.90677969695702
eltoro,06-1992,100.5224908840718
eltoro,07-1992,57.3718257180918
eltoro,08-1992,38.031193782721
eltoro,09-1992,61.018065406935804
eltoro,10-1992,113.142939248896
eltoro,11-1992,156.121044349331
eltoro,12-1992,108.08972922179373
eltoro,01-1993,44.4248333968796
eltoro,02-1993,28.377929697741
eltoro,03-1993,20.922081924255398
eltoro,04-1993,37.7988455781158
eltoro,05-1993,91.0766827907568
eltoro,06-1993,191.48184059455647
eltoro,07-1993,113.49965067937491
eltoro,08-1993,107.3422336136156
eltoro,09-1993,87.041410992135
eltoro,10-1993,117.63108162338435
eltoro,11-1993,124.42366935649528
eltoro,12-1993,97.08878790567428
eltoro,01-1994,32.1122527351179
eltoro,02-1994,22.258151153095703
eltoro,03-1994,20.076198965453802
eltoro,04-1994,40.5287250762981
eltoro,05-1994,37.1836137545488
eltoro,06-1994,81.7541297292633
eltoro,07-1994,107.44078072170373
eltoro,08-1994,54.3445612421027
eltoro,09-1994,106.57229560631588
eltoro,10-1994,125.78066909610862
eltoro,11-1994,109.6346434829263
eltoro,12-1994,74.57138332374129
eltoro,01-1995,42.730000000000004
eltoro,02-1995,23.130000000000003
eltoro,03-1995,25.810000000000002
eltoro,04-1995,22.830000000000002
eltoro,05-1995,19.83
eltoro,06-1995,75.05000000000001
eltoro,07-1995,55.2
eltoro,08-1995,46.849999999999994
eltoro,09-1995,43.11
eltoro,10-1995,117.9210761056649
eltoro,11-1995,132.855461653113
eltoro,12-1995,75.60000000000001
eltoro,01-1996,42.480000000000004
eltoro,02-1996,23.08
eltoro,03-1996,18.41
eltoro,04-1996,16.360000000000003
eltoro,05-1996,21.559999999999995
eltoro,06-1996,54.17
eltoro,07-1996,101.54
eltoro,08-1996,77.3
eltoro,09-1996,80.19
eltoro,10-1996,128.9150576632771
eltoro,11-1996,151.5
eltoro,12-1996,97.18258412480124
eltoro,01-1997,37.3672506852872
eltoro,02-1997,23.074125374324403
eltoro,03-1997,16.7653925990706
eltoro,04-1997,46.489059765783004
eltoro,05-1997,69.3066630199333
eltoro,06-1997,149.9351299274815
eltoro,07-1997,93.27583469889349
eltoro,08-1997,136.51625165609263
eltoro,09-1997,130.83712934707444
eltoro,10-1997,104.9250050128936
eltoro,11-1997,119.66839888872019
eltoro,12-1997,76.19681725815849
eltoro,01-1998,15.809707358941301
eltoro,02-1998,14.917681636678001
eltoro,03-1998,12.219277330768302
eltoro,04-1998,18.8256797211739
eltoro,05-1998,23.488775253761602
eltoro,06-1998,23.535132648446698
eltoro,07-1998,25.4995424508334
eltoro,08-1998,26.6269630838974
eltoro,09-1998,32.493076062071594
eltoro,10-1998,45.37750654764861
eltoro,11-1998,28.3446519470775
eltoro,12-1998,20.777243486074198
eltoro,01-1999,25.9048474008962
eltoro,02-1999,31.053529669145
eltoro,03-1999,17.183521404676398
eltoro,04-1999,13.2150188573614
eltoro,05-1999,32.3659754717756
eltoro,06-1999,49.98314941627059
eltoro,07-1999,36.4740923898966
eltoro,08-1999,76.81200495818172
eltoro,09-1999,79.00377888212951
eltoro,10-1999,133.669335229977
eltoro,11-1999,122.797473790696
eltoro,12-1999,53.2362368339672
eltoro,01-2000,51.7039037549686
eltoro,02-2000,27.5594839174222
eltoro,03-2000,20.953768503327304
eltoro,04-2000,16.849893116790902
eltoro,05-2000,19.1537142210392
eltoro,06-2000,117.34626693323702
eltoro,07-2000,98.76030328394845
eltoro,08-2000,97.6534233699083
eltoro,09-2000,82.1313886155245
eltoro,10-2000,129.679648597676
eltoro,11-2000,171.69288847836802
eltoro,12-2000,75.14369193585362
eltoro,01-2001,28.5988592273671
eltoro,02-2001,31.7484033853507
eltoro,03-2001,49.0419843561969
eltoro,04-2001,20.362211686488
eltoro,05-2001,104.0295852667115
eltoro,06-2001,113.969128265169
eltoro,07-2001,181.3913706151032
eltoro,08-2001,100.68782065288961
eltoro,09-2001,73.38677967946141
eltoro,10-2001,107.2205395368814
eltoro,11-2001,95.1267956361479
eltoro,12-2001,57.8905474445271
eltoro,01-2002,57.923740066329074
eltoro,02-2002,28.603314225497357
eltoro,03-2002,23.22803312740817
eltoro,04-2002,35.362571272002754
eltoro,05-2002,58.68678066389256
eltoro,06-2002,57.27796209034773
eltoro,07-2002,52.55957892768643
eltoro,08-2002,124.83972640300297
eltoro,09-2002,97.38343708548183
eltoro,10-2002,181.68307826354123
eltoro,11-2002,159.4535998849594
eltoro,12-2002,127.98503694455596
eltoro,01-2003,25.622455540080995
eltoro,02-2003,18.67025116895441
eltoro,03-2003,18.097912280282554
eltoro,04-2003,19.654719838532046
eltoro,05-2003,20.10925122789634
eltoro,06-2003,145.98303655784173
eltoro,07-2003,95.74361960179715
eltoro,08-2003,54.404801611700464
eltoro,09-2003,68.84324866062366
eltoro,10-2003,78.07143754650141
eltoro,11-2003,72.28369400272561
eltoro,12-2003,43.9503110754498
eltoro,01-2004,26.25655918632829
eltoro,02-2004,20.165342184605258
eltoro,03-2004,14.829519148366833
eltoro,04-2004,48.01521719627485
eltoro,05-2004,29.65054617877877
eltoro,06-2004,84.77763714814593
eltoro,07-2004,84.36974975083082
eltoro,08-2004,49.60800276287726
eltoro,09-2004,76.718470925737
eltoro,10-2004,77.32165928644571
eltoro,11-2004,91.1427390439301
eltoro,12-2004,51.22240672867015
eltoro,01-2005,47.46174687580633
eltoro,02-2005,26.227103062445124
eltoro,03-2005,19.520052020680716
eltoro,04-2005,15.292389588964006
eltoro,05-2005,53.35963885235678
eltoro,06-2005,108.06715094982194
eltoro,07-2005,101.15351490244088
eltoro,08-2005,125.5483034371924
eltoro,09-2005,72.22265314080403
eltoro,10-2005,107.52291143040452
eltoro,11-2005,144.87016237975806
eltoro,12-2005,92.76245497448323
eltoro,01-2006,46.195747705855055
eltoro,02-2006,32.08848433638575
eltoro,03-2006,30.12030350493775
eltoro,04-2006,37.89027832058014
eltoro,05-2006,41.10682020250556
eltoro,06-2006,149.93412174046543
eltoro,07-2006,176.75516999002514
eltoro,08-2006,71.50731410413101
eltoro,09-2006,91.33469904517807
eltoro,10-2006,110.57291382637125
eltoro,11-2006,108.15773321832069
eltoro,12-2006,88.48965505652406
eltoro,01-2007,26.89129665598406
eltoro,02-2007,26.811671293292537
eltoro,03-2007,13.220211279546742
eltoro,04-2007,26.533879368426717
eltoro,05-2007,22.736387321774075
eltoro,06-2007,24.637376112516947
eltoro,07-2007,49.23733825316785
eltoro,08-2007,28.932429753646222
eltoro,09-2007,41.854741319140246
eltoro,10-2007,83.13334827904438
eltoro,11-2007,88.64330202421465
eltoro,12-2007,42.53687266498929
eltoro,01-2008,22.5051820213056
eltoro,02-2008,18.36292714937873
eltoro,03-2008,14.823900884717911
eltoro,04-2008,7.7185165822916115
eltoro,05-2008,130.60225182941662
eltoro,06-2008,65.7885511591893
eltoro,07-2008,62.38405746655664
eltoro,08-2008,91.57234695849735
eltoro,09-2008,71.11802227989853
eltoro,10-2008,83.11019154603927
eltoro,11-2008,86.21140553760327
eltoro,12-2008,39.815973964720314
eltoro,01-2009,35.446389902271726
eltoro,02-2009,24.043990354020938
eltoro,03-2009,18.133128657428408
eltoro,04-2009,15.74670277249713
eltoro,05-2009,82.90100030918605
eltoro,06-2009,81.4298100111889
eltoro,07-2009,77.57394101950031
eltoro,08-2009,79.66635931418212
eltoro,09-2009,80.37553688862994
eltoro,10-2009,108.68599369218302
eltoro,11-2009,105.08696917433852
eltoro,12-2009,68.46928708501339
eltoro,01-2010,28.771658750386397
eltoro,02-2010,21.723364066890518
eltoro,03-2010,14.679620693385491
eltoro,04-2010,15.161510135142507
eltoro,05-2010,17.658002904730708
eltoro,06-2010,33.521494447862345
eltoro,07-2010,34.08113032684296
eltoro,08-2010,37.33486232144259
eltoro,09-2010,43.127928890459835
eltoro,10-2010,92.91642409875712
eltoro,11-2010,92.07552518043181
eltoro,12-2010,52.52769103832725
eltoro,01-2011,29.42405259491018
eltoro,02-2011,28.18801552815163
eltoro,03-2011,21.049591364190523
eltoro,04-2011,28.4878374869651
eltoro,05-2011,24.450343531969054
eltoro,06-2011,43.38161079166431
eltoro,07-2011,47.276778556304706
eltoro,08-2011,72.76550897959757
eltoro,09-2011,68.44141399507154
eltoro,10-2011,113.69796277811034
eltoro,11-2011,121.58801410495897
eltoro,12-2011,65.20571749819874
eltoro,01-2012,29.686464269008418
eltoro,02-2012,17.44920883578497
eltoro,03-2012,17.090008533005175
eltoro,04-2012,18.28406871729728
eltoro,05-2012,47.9032805106081
eltoro,06-2012,99.99858601294841
eltoro,07-2012,57.29240252363491
eltoro,08-2012,37.90722866445516
eltoro,09-2012,46.40259614178859
eltoro,10-2012,43.7610407225486
eltoro,11-2012,26.577410148395458
eltoro,12-2012,42.00531420926767
eltoro,01-2013,22.29146238359699
eltoro,02-2013,17.300933478487106
eltoro,03-2013,17.31786253108288
eltoro,04-2013,11.983709698093996
eltoro,05-2013,23.920554701994106
eltoro,06-2013,39.286489214583725
eltoro,07-2013,51.75741961094059
eltoro,08-2013,51.43755639187395
eltoro,09-2013,115.33916040437671
eltoro,10-2013,89.91969421815764
eltoro,11-2013,98.70594894408916
eltoro,12-2013,68.84863488828174
eltoro,01-2014,26.943392727363374
eltoro,02-2014,17.72677085893808
eltoro,03-2014,13.443795118147868
eltoro,04-2014,15.418789728703857
eltoro,05-2014,38.025780035110756
eltoro,06-2014,54.58704061728402
eltoro,07-2014,62.45192855435971
eltoro,08-2014,121.86979078124172
eltoro,09-2014,95.27100678105211
eltoro,10-2014,118.68005183972602
eltoro,11-2014,89.29502661903187
eltoro,12-2014,47.30186661143071
eltoro,01-2015,31.539687875394403
eltoro,02-2015,21.582722822961266
eltoro,03-2015,15.005350168787487
eltoro,04-2015,14.049100772325883
eltoro,05-2015,18.123715351631528
eltoro,06-2015,63.50458698179963
eltoro,07-2015,63.33743530193475
eltoro,08-2015,94.70940357659109
eltoro,09-2015,91.58787561439965
eltoro,10-2015,95.7216800148754
eltoro,11-2015,95.20792989107552
eltoro,12-2015,51.07376076852881
eltoro,01-2016,16.61858768726676
eltoro,02-2016,15.587593945763269
eltoro,03-2016,12.9053095308045
eltoro,04-2016,17.110303915411876
eltoro,05-2016,8.168709677419354
eltoro,06-2016,17.564454792262143
eltoro,07-2016,28.471801075529797
eltoro,08-2016,53.9869861248108
eltoro,09-2016,50.59652855390428
eltoro,10-2016,56.246116090251746
eltoro,11-2016,32.09937986515531
eltoro,12-2016,23.307913353795115
eltoro,01-2017,32.39369361765107
eltoro,02-2017,20.782730265598214
eltoro,03-2017,19.652214436290077
eltoro,04-2017,15.03531149486045
eltoro,05-2017,20.42994255727318
eltoro,06-2017,40.486029238946095
eltoro,07-2017,44.1314469575039
eltoro,08-2017,42.341968576049624
eltoro,09-2017,52.52505673299333
eltoro,10-2017,124.09424924608712
eltoro,11-2017,143.96329324102118
eltoro,12-2017,78.09829450702725
eltoro,01-2018,31.65026321106294
eltoro,02-2018,20.62729309893978
eltoro,03-2018,16.531362041804897
eltoro,04-2018,23.02285928399919
eltoro,05-2018,27.015089398959386
eltoro,06-2018,57.7454252061426
eltoro,07-2018,58.04386271620489
eltoro,08-2018,41.43845475089596
eltoro,09-2018,80.23483363436114
eltoro,10-2018,94.43023586803345
eltoro,11-2018,108.1980364175543
eltoro,12-2018,51.38562616812062
eltoro,01-2019,25.15858824666214
eltoro,02-2019,16.666771433320793
eltoro,03-2019,14.14974805725949
eltoro,04-2019,14.856316652317101
eltoro,05-2019,30.64664864567293
eltoro,06-2019,53.03589466736143
eltoro,07-2019,46.82326599790816
eltoro,08-2019,67.89564698832598
eltoro,09-2019,75.48289583177069
eltoro,10-2019,91.77808831150202
eltoro,11-2019,80.1502700540664
eltoro,12-2019,39.89489631165286
eltoro,01-2020,29.440608916791135
eltoro,02-2020,19.795903488621338
eltoro,03-2020,14.853434896158216
eltoro,04-2020,13.153915191501756
eltoro,05-2020,15.023459031975648
eltoro,06-2020,33.22351845761176
eltoro,07-2020,55.28442679601913
eltoro,08-2020,37.08284839372371
eltoro,09-2020,51.1978026791489
eltoro,10-2020,95.34913451348521
eltoro,11-2020,92.64858212469434
eltoro,12-2020,41.65560874354857
eltoro,01-2021,17.19526879625952
eltoro,02-2021,12.1781536603465
eltoro,03-2021,12.543774865908269
eltoro,04-2021,11.676325176918995
eltoro,05-2021,23.805732622802736
eltoro,06-2021,57.3057928325435
eltoro,07-2021,28.606575345891414
eltoro,08-2021,42.149861974824006
eltoro,09-2021,56.153721996638005
eltoro,10-2021,75.10058450635147
eltoro,11-2021,52.1619221196474
eltoro,12-2021,25.27036602531592
eltoro,01-2022,23.340501173206555
eltoro,02-2022,14.803753272210125
eltoro,03-2022,12.030723860181118
eltoro,04-2022,30.411182043037343
eltoro,05-2022,35.192473424902886
eltoro,06-2022,43.60652026540376
eltoro,07-2022,57.14507914668445
eltoro,08-2022,51.51298829236168
eltoro,09-2022,57.2735852209608
eltoro,10-2022,114.48617616742669
eltoro,11-2022,102.43149956943225
eltoro,12-2022,41.72934465511373
eltoro,01-2023,35.595770089285715
eltoro,02-2023,22.088633482142857
eltoro,03-2023,19.440842410714286
eltoro,04-2023,14.827931561550548
eltoro,05-2023,19.420684360926153
eltoro,06-2023,153.75359214666395
eltoro,07-2023,104.25744206544819
eltoro,08-2023,152.14210267857143
eltoro,09-2023,135.46748794642858
eltoro,10-2023,95.98614642857143
eltoro,11-2023,106.31158214285713
eltoro,12-2023,76.35005223214286
laja_i,01-1960,2.42
laja_i,02-1960,1.52
laja_i,03-1960,3.68
laja_i,04-1960,2.3
laja_i,05-1960,7.97
laja_i,06-1960,30.63
laja_i,07-1960,44.16
laja_i,08-1960,43.74
laja_i,09-1960,35.23
laja_i,10-1960,20.61
laja_i,11-1960,15.69
laja_i,12-1960,2.23
laja_i,01-1961,3.88
laja_i,02-1961,3.56
laja_i,03-1961,19.69
laja_i,04-1961,17.9
laja_i,05-1961,3.84
laja_i,06-1961,31.93
laja_i,07-1961,18.9
laja_i,08-1961,12.19
laja_i,09-1961,6.0
laja_i,10-1961,5.55
laja_i,11-1961,4.37
laja_i,12-1961,5.63
laja_i,01-1962,5.79
laja_i,02-1962,11.13
laja_i,03-1962,12.27
laja_i,04-1962,10.17
laja_i,05-1962,16.88
laja_i,06-1962,28.35
laja_i,07-1962,10.61
laja_i,08-1962,25.42
laja_i,09-1962,24.03
laja_i,10-1962,18.34
laja_i,11-1962,17.86
laja_i,12-1962,10.97
laja_i,01-1963,4.22
laja_i,02-1963,3.77
laja_i,03-1963,2.03
laja_i,04-1963,17.07
laja_i,05-1963,24.23
laja_i,06-1963,36.1
laja_i,07-1963,74.32
laja_i,08-1963,81.77
laja_i,09-1963,51.13
laja_i,10-1963,11.0
laja_i,11-1963,3.0
laja_i,12-1963,1.0
laja_i,01-1964,2.41
laja_i,02-1964,4.24
laja_i,03-1964,1.0
laja_i,04-1964,16.16
laja_i,05-1964,28.29
laja_i,06-1964,39.16
laja_i,07-1964,36.95
laja_i,08-1964,28.58
laja_i,09-1964,29.33
laja_i,10-1964,11.16
laja_i,11-1964,9.91
laja_i,12-1964,43.09
laja_i,01-1965,34.25
laja_i,02-1965,14.0
laja_i,03-1965,11.99
laja_i,04-1965,76.56
laja_i,05-1965,43.25
laja_i,06-1965,61.93
laja_i,07-1965,105.42
laja_i,08-1965,56.58
laja_i,09-1965,38.03
laja_i,10-1965,15.26
laja_i,11-1965,17.6
laja_i,12-1965,48.23
laja_i,01-1966,20.69
laja_i,02-1966,26.31
laja_i,03-1966,11.97
laja_i,04-1966,27.42
laja_i,05-1966,27.08
laja_i,06-1966,56.47
laja_i,07-1966,44.9
laja_i,08-1966,32.45
laja_i,09-1966,16.57
laja_i,10-1966,27.52
laja_i,11-1966,18.13
laja_i,12-1966,19.68
laja_i,01-1967,4.82
laja_i,02-1967,10.34
laja_i,03-1967,12.94
laja_i,04-1967,14.18
laja_i,05-1967,38.08
laja_i,06-1967,29.07
laja_i,07-1967,54.42
laja_i,08-1967,37.39
laja_i,09-1967,35.2
laja_i,10-1967,14.77
laja_i,11-1967,7.6
laja_i,12-1967,5.54
laja_i,01-1968,8.72
laja_i,02-1968,7.71
laja_i,03-1968,7.53
laja_i,04-1968,13.15
laja_i,05-1968,9.67
laja_i,06-1968,32.07
laja_i,07-1968,21.52
laja_i,08-1968,24.33
laja_i,09-1968,12.9
laja_i,10-1968,5.04
laja_i,11-1968,7.86
laja_i,12-1968,9.1
laja_i,01-1969,71.84
laja_i,02-1969,69.0
laja_i,03-1969,58.95
laja_i,04-1969,10.4
laja_i,05-1969,24.9
laja_i,06-1969,74.53
laja_i,07-1969,5.42
laja_i,08-1969,53.45
laja_i,09-1969,34.63
laja_i,10-1969,30.61
laja_i,11-1969,20.67
laja_i,12-1969,22.75
laja_i,01-1970,10.87
laja_i,02-1970,14.22
laja_i,03-1970,12.83
laja_i,04-1970,34.46
laja_i,05-1970,14.18
laja_i,06-1970,24.82
laja_i,07-1970,32.65
laja_i,08-1970,22.81
laja_i,09-1970,6.17
laja_i,10-1970,3.52
laja_i,11-1970,2.25
laja_i,12-1970,4.71
laja_i,01-1971,1.94
laja_i,02-1971,8.17
laja_i,03-1971,7.33
laja_i,04-1971,18.42
laja_i,05-1971,65.59
laja_i,06-1971,52.6
laja_i,07-1971,67.03
laja_i,08-1971,42.19
laja_i,09-1971,21.4
laja_i,10-1971,5.81
laja_i,11-1971,1.07
laja_i,12-1971,2.92
laja_i,01-1972,14.85
laja_i,02-1972,4.99
laja_i,03-1972,1.97
laja_i,04-1972,9.46
laja_i,05-1972,90.6
laja_i,06-1972,106.5
laja_i,07-1972,1.52
laja_i,08-1972,18.77
laja_i,09-1972,1.0
laja_i,10-1972,1.0
laja_i,11-1972,1.0
laja_i,12-1972,2.21
laja_i,01-1973,1.82
laja_i,02-1973,1.86
laja_i,03-1973,1.93
laja_i,04-1973,3.87
laja_i,05-1973,23.06
laja_i,06-1973,25.68
laja_i,07-1973,35.58
laja_i,08-1973,21.94
laja_i,09-1973,14.77
laja_i,10-1973,12.29
laja_i,11-1973,6.77
laja_i,12-1973,2.73
laja_i,01-1974,4.85
laja_i,02-1974,12.5
laja_i,03-1974,3.52
laja_i,04-1974,6.21
laja_i,05-1974,15.03
laja_i,06-1974,38.6
laja_i,07-1974,32.65
laja_i,08-1974,27.61
laja_i,09-1974,18.9
laja_i,10-1974,10.94
laja_i,11-1974,7.09
laja_i,12-1974,15.68
laja_i,01-1975,7.43
laja_i,02-1975,1.39
laja_i,03-1975,14.6
laja_i,04-1975,15.1
laja_i,05-1975,29.95
laja_i,06-1975,64.97
laja_i,07-1975,87.29
laja_i,08-1975,46.55
laja_i,09-1975,12.67
laja_i,10-1975,5.32
laja_i,11-1975,6.97
laja_i,12-1975,5.84
laja_i,01-1976,2.62
laja_i,02-1976,1.66
laja_i,03-1976,1.84
laja_i,04-1976,2.01
laja_i,05-1976,2.4
laja_i,06-1976,33.7
laja_i,07-1976,30.52
laja_i,08-1976,21.9
laja_i,09-1976,9.93
laja_i,10-1976,2.74
laja_i,11-1976,9.37
laja_i,12-1976,8.48
laja_i,01-1977,1.12
laja_i,02-1977,3.32
laja_i,03-1977,3.12
laja_i,04-1977,5.43
laja_i,05-1977,38.67
laja_i,06-1977,57.03
laja_i,07-1977,115.55
laja_i,08-1977,97.52
laja_i,09-1977,50.9
laja_i,10-1977,52.29
laja_i,11-1977,29.03
laja_i,12-1977,2.97
laja_i,01-1978,19.21
laja_i,02-1978,17.01
laja_i,03-1978,10.96
laja_i,04-1978,1.57
laja_i,05-1978,7.9
laja_i,06-1978,47.33
laja_i,07-1978,118.71
laja_i,08-1978,35.77
laja_i,09-1978,4.43
laja_i,10-1978,4.61
laja_i,11-1978,33.03
laja_i,12-1978,38.05
laja_i,01-1979,7.64
laja_i,02-1979,15.17
laja_i,03-1979,19.88
laja_i,04-1979,11.35
laja_i,05-1979,13.16
laja_i,06-1979,2.2
laja_i,07-1979,30.39
laja_i,08-1979,58.87
laja_i,09-1979,43.6
laja_i,10-1979,3.29
laja_i,11-1979,1.17
laja_i,12-1979,1.0
laja_i,01-1980,8.53
laja_i,02-1980,5.15
laja_i,03-1980,3.37
laja_i,04-1980,25.55
laja_i,05-1980,120.97
laja_i,06-1980,117.07
laja_i,07-1980,87.0
laja_i,08-1980,39.03
laja_i,09-1980,17.57
laja_i,10-1980,2.77
laja_i,11-1980,2.29
laja_i,12-1980,6.74
laja_i,01-1981,12.13
laja_i,02-1981,13.45
laja_i,03-1981,15.02
laja_i,04-1981,5.63
laja_i,05-1981,172.62
laja_i,06-1981,71.67
laja_i,07-1981,38.84
laja_i,08-1981,28.48
laja_i,09-1981,34.27
laja_i,10-1981,2.74
laja_i,11-1981,9.03
laja_i,12-1981,11.14
laja_i,01-1982,12.1
laja_i,02-1982,11.12
laja_i,03-1982,3.47
laja_i,04-1982,9.91
laja_i,05-1982,14.97
laja_i,06-1982,110.67
laja_i,07-1982,77.84
laja_i,08-1982,40.1
laja_i,09-1982,67.4
laja_i,10-1982,35.87
laja_i,11-1982,3.23
laja_i,12-1982,3.19
laja_i,01-1983,23.87
laja_i,02-1983,17.07
laja_i,03-1983,14.81
laja_i,04-1983,2.62
laja_i,05-1983,7.9
laja_i,06-1983,50.3
laja_i,07-1983,58.71
laja_i,08-1983,10.68
laja_i,09-1983,4.53
laja_i,10-1983,1.61
laja_i,11-1983,2.37
laja_i,12-1983,20.9
laja_i,01-1984,16.39
laja_i,02-1984,11.84
laja_i,03-1984,9.52
laja_i,04-1984,7.15
laja_i,05-1984,22.42
laja_i,06-1984,30.07
laja_i,07-1984,55.94
laja_i,08-1984,30.29
laja_i,09-1984,21.5
laja_i,10-1984,32.06
laja_i,11-1984,1.0
laja_i,12-1984,13.05
laja_i,01-1985,6.58
laja_i,02-1985,6.31
laja_i,03-1985,5.62
laja_i,04-1985,21.38
laja_i,05-1985,61.16
laja_i,06-1985,50.3
laja_i,07-1985,21.74
laja_i,08-1985,1.74
laja_i,09-1985,1.0
laja_i,10-1985,1.0
laja_i,11-1985,3.03
laja_i,12-1985,4.36
laja_i,01-1986,22.74
laja_i,02-1986,20.15
laja_i,03-1986,20.58
laja_i,04-1986,19.07
laja_i,05-1986,29.74
laja_i,06-1986,114.03
laja_i,07-1986,51.03
laja_i,08-1986,12.39
laja_i,09-1986,24.6
laja_i,10-1986,32.86
laja_i,11-1986,45.35
laja_i,12-1986,35.75
laja_i,01-1987,20.96
laja_i,02-1987,21.65
laja_i,03-1987,28.04
laja_i,04-1987,19.81
laja_i,05-1987,5.94
laja_i,06-1987,12.0
laja_i,07-1987,32.23
laja_i,08-1987,20.55
laja_i,09-1987,9.87
laja_i,10-1987,6.9
laja_i,11-1987,23.47
laja_i,12-1987,21.66
laja_i,01-1988,8.77
laja_i,02-1988,6.02
laja_i,03-1988,6.28
laja_i,04-1988,30.39
laja_i,05-1988,29.68
laja_i,06-1988,28.23
laja_i,07-1988,43.94
laja_i,08-1988,38.03
laja_i,09-1988,9.33
laja_i,10-1988,15.68
laja_i,11-1988,12.83
laja_i,12-1988,10.08
laja_i,01-1989,2.14
laja_i,02-1989,9.52
laja_i,03-1989,10.99
laja_i,04-1989,14.88
laja_i,05-1989,20.47
laja_i,06-1989,38.91
laja_i,07-1989,60.1
laja_i,08-1989,45.65
laja_i,09-1989,39.69
laja_i,10-1989,23.82
laja_i,11-1989,10.82
laja_i,12-1989,10.56
laja_i,01-1990,6.83
laja_i,02-1990,7.73
laja_i,03-1990,11.0
laja_i,04-1990,9.33
laja_i,05-1990,7.62
laja_i,06-1990,5.2
laja_i,07-1990,22.01
laja_i,08-1990,8.32
laja_i,09-1990,5.1
laja_i,10-1990,10.26
laja_i,11-1990,16.16
laja_i,12-1990,9.65
laja_i,01-1991,3.45
laja_i,02-1991,2.59
laja_i,03-1991,9.58
laja_i,04-1991,20.72
laja_i,05-1991,37.85
laja_i,06-1991,47.37
laja_i,07-1991,15.1
laja_i,08-1991,16.23
laja_i,09-1991,10.33
laja_i,10-1991,7.04
laja_i,11-1991,8.27
laja_i,12-1991,5.9
laja_i,01-1992,11.98
laja_i,02-1992,10.71
laja_i,03-1992,14.0
laja_i,04-1992,2.78
laja_i,05-1992,28.32
laja_i,06-1992,39.7
laja_i,07-1992,38.45
laja_i,08-1992,24.29
laja_i,09-1992,20.97
laja_i,10-1992,17.45
laja_i,11-1992,15.31
laja_i,12-1992,15.26
laja_i,01-1993,7.72
laja_i,02-1993,4.81
laja_i,03-1993,4.77
laja_i,04-1993,13.17
laja_i,05-1993,16.04
laja_i,06-1993,30.23
laja_i,07-1993,33.81
laja_i,08-1993,25.16
laja_i,09-1993,35.47
laja_i,10-1993,50.79
laja_i,11-1993,31.4
laja_i,12-1993,16.81
laja_i,01-1994,3.06
laja_i,02-1994,1.13
laja_i,03-1994,1.06
laja_i,04-1994,3.03
laja_i,05-1994,3.0
laja_i,06-1994,12.47
laja_i,07-1994,24.42
laja_i,08-1994,32.29
laja_i,09-1994,14.5
laja_i,10-1994,19.68
laja_i,11-1994,13.94
laja_i,12-1994,6.15
laja_i,01-1995,19.66
laja_i,02-1995,6.69
laja_i,03-1995,7.34
laja_i,04-1995,11.32
laja_i,05-1995,11.49
laja_i,06-1995,65.41
laja_i,07-1995,86.68
laja_i,08-1995,28.39
laja_i,09-1995,4.27
laja_i,10-1995,34.29
laja_i,11-1995,21.64
laja_i,12-1995,11.22
laja_i,01-1996,12.89
laja_i,02-1996,5.67
laja_i,03-1996,3.91
laja_i,04-1996,3.55
laja_i,05-1996,8.95
laja_i,06-1996,45.63
laja_i,07-1996,81.89
laja_i,08-1996,83.54
laja_i,09-1996,71.51
laja_i,10-1996,32.36
laja_i,11-1996,8.17
laja_i,12-1996,1.12
laja_i,01-1997,1.0
laja_i,02-1997,1.0
laja_i,03-1997,1.0
laja_i,04-1997,29.66
laja_i,05-1997,40.81
laja_i,06-1997,31.33
laja_i,07-1997,15.06
laja_i,08-1997,1.58
laja_i,09-1997,9.47
laja_i,10-1997,14.32
laja_i,11-1997,4.79
laja_i,12-1997,1.0
laja_i,01-1998,20.48
laja_i,02-1998,1.53
laja_i,03-1998,6.37
laja_i,04-1998,1.0
laja_i,05-1998,1.74
laja_i,06-1998,18.92
laja_i,07-1998,11.7
laja_i,08-1998,17.43
laja_i,09-1998,37.13
laja_i,10-1998,17.87
laja_i,11-1998,8.57
laja_i,12-1998,4.28
laja_i,01-1999,8.74
laja_i,02-1999,13.7
laja_i,03-1999,7.86
laja_i,04-1999,5.91
laja_i,05-1999,10.88
laja_i,06-1999,32.56
laja_i,07-1999,31.83
laja_i,08-1999,17.35
laja_i,09-1999,20.63
laja_i,10-1999,19.03
laja_i,11-1999,18.62
laja_i,12-1999,15.74
laja_i,01-2000,16.83
laja_i,02-2000,5.94
laja_i,03-2000,8.04
laja_i,04-2000,13.69
laja_i,05-2000,21.92
laja_i,06-2000,64.07
laja_i,07-2000,113.13
laja_i,08-2000,69.49
laja_i,09-2000,89.51
laja_i,10-2000,72.67
laja_i,11-2000,53.99
laja_i,12-2000,40.27
laja_i,01-2001,1.0
laja_i,02-2001,1.1
laja_i,03-2001,1.45
laja_i,04-2001,8.77
laja_i,05-2001,49.95
laja_i,06-2001,86.43
laja_i,07-2001,94.81
laja_i,08-2001,9.1
laja_i,09-2001,3.67
laja_i,10-2001,5.2
laja_i,11-2001,2.37
laja_i,12-2001,1.0
laja_i,01-2002,1.0
laja_i,02-2002,7.11
laja_i,03-2002,8.47
laja_i,04-2002,2.53
laja_i,05-2002,1.77
laja_i,06-2002,7.2
laja_i,07-2002,18.0
laja_i,08-2002,82.29
laja_i,09-2002,39.22
laja_i,10-2002,24.94
laja_i,11-2002,10.23
laja_i,12-2002,2.47
laja_i,01-2003,1.15
laja_i,02-2003,1.0
laja_i,03-2003,1.0
laja_i,04-2003,12.07
laja_i,05-2003,3.94
laja_i,06-2003,79.8
laja_i,07-2003,55.58
laja_i,08-2003,32.13
laja_i,09-2003,15.53
laja_i,10-2003,2.81
laja_i,11-2003,1.21
laja_i,12-2003,1.07
laja_i,01-2004,7.77
laja_i,02-2004,3.94
laja_i,03-2004,8.17
laja_i,04-2004,1.0
laja_i,05-2004,1.0
laja_i,06-2004,8.03
laja_i,07-2004,17.03
laja_i,08-2004,17.71
laja_i,09-2004,21.1
laja_i,10-2004,15.3
laja_i,11-2004,10.98
laja_i,12-2004,8.91
laja_i,01-2005,2.53
laja_i,02-2005,2.33
laja_i,03-2005,1.54
laja_i,04-2005,9.51
laja_i,05-2005,26.17
laja_i,06-2005,97.33
laja_i,07-2005,112.61
laja_i,08-2005,30.65
laja_i,09-2005,21.37
laja_i,10-2005,9.63
laja_i,11-2005,4.73
laja_i,12-2005,3.6
laja_i,01-2006,2.85
laja_i,02-2006,1.0
laja_i,03-2006,1.0
laja_i,04-2006,5.48
laja_i,05-2006,2.48
laja_i,06-2006,32.47
laja_i,07-2006,89.87
laja_i,08-2006,14.06
laja_i,09-2006,3.2
laja_i,10-2006,1.68
laja_i,11-2006,2.14
laja_i,12-2006,9.94
laja_i,01-2007,1.04
laja_i,02-2007,1.02
laja_i,03-2007,1.98
laja_i,04-2007,1.0
laja_i,05-2007,1.0
laja_i,06-2007,1.0
laja_i,07-2007,1.0
laja_i,08-2007,2.1
laja_i,09-2007,1.57
laja_i,10-2007,4.03
laja_i,11-2007,1.87
laja_i,12-2007,2.66
laja_i,01-2008,2.32
laja_i,02-2008,6.03
laja_i,03-2008,4.65
laja_i,04-2008,1.83
laja_i,05-2008,61.9
laja_i,06-2008,57.6
laja_i,07-2008,24.35
laja_i,08-2008,18.48
laja_i,09-2008,6.87
laja_i,10-2008,5.05
laja_i,11-2008,3.5
laja_i,12-2008,7.44
laja_i,01-2009,4.75
laja_i,02-2009,16.6
laja_i,03-2009,14.83
laja_i,04-2009,9.39
laja_i,05-2009,27.09
laja_i,06-2009,51.8
laja_i,07-2009,51.06
laja_i,08-2009,40.97
laja_i,09-2009,38.96
laja_i,10-2009,25.55
laja_i,11-2009,23.91
laja_i,12-2009,8.92
laja_i,01-2010,1.0
laja_i,02-2010,1.18
laja_i,03-2010,3.28
laja_i,04-2010,21.38
laja_i,05-2010,26.35
laja_i,06-2010,28.7
laja_i,07-2010,42.87
laja_i,08-2010,44.01
laja_i,09-2010,15.59
laja_i,10-2010,5.63
laja_i,11-2010,2.96
laja_i,12-2010,1.16
laja_i,01-2011,2.12
laja_i,02-2011,7.71
laja_i,03-2011,8.39
laja_i,04-2011,7.37
laja_i,05-2011,8.65
laja_i,06-2011,18.03
laja_i,07-2011,27.74
laja_i,08-2011,33.65
laja_i,09-2011,22.91
laja_i,10-2011,10.05
laja_i,11-2011,4.37
laja_i,12-2011,1.3
laja_i,01-2012,4.07
laja_i,02-2012,6.61
laja_i,03-2012,7.69
laja_i,04-2012,7.87
laja_i,05-2012,19.62
laja_i,06-2012,39.56
laja_i,07-2012,32.23
laja_i,08-2012,22.06
laja_i,09-2012,13.22
laja_i,10-2012,7.81
laja_i,11-2012,2.0
laja_i,12-2012,9.83
laja_i,01-2013,1.86
laja_i,02-2013,1.58
laja_i,03-2013,2.52
laja_i,04-2013,8.77
laja_i,05-2013,15.73
laja_i,06-2013,15.23
laja_i,07-2013,31.9
laja_i,08-2013,10.83
laja_i,09-2013,4.06
laja_i,10-2013,9.07
laja_i,11-2013,6.7
laja_i,12-2013,2.1
laja_i,01-2014,11.35
laja_i,02-2014,11.02
laja_i,03-2014,19.64
laja_i,04-2014,3.94
laja_i,05-2014,1.78
laja_i,06-2014,12.53
laja_i,07-2014,30.73
laja_i,08-2014,22.95
laja_i,09-2014,20.13
laja_i,10-2014,1.04
laja_i,11-2014,6.03
laja_i,12-2014,10.68
laja_i,01-2015,8.07
laja_i,02-2015,8.71
laja_i,03-2015,11.25
laja_i,04-2015,8.68
laja_i,05-2015,21.45
laja_i,06-2015,11.81
laja_i,07-2015,14.08
laja_i,08-2015,9.66
laja_i,09-2015,2.42
laja_i,10-2015,1.0
laja_i,11-2015,2.08
laja_i,12-2015,7.27
laja_i,01-2016,1.7754729729729728
laja_i,02-2016,3.2321428571428563
laja_i,03-2016,1.9208059564119107
laja_i,04-2016,39.253002235078974
laja_i,05-2016,34.349635416666665
laja_i,06-2016,1.3964285714285714
laja_i,07-2016,4.821875
laja_i,08-2016,1.0
laja_i,09-2016,8.48635451233634
laja_i,10-2016,3.260970002647562
laja_i,11-2016,5.749618970772818
laja_i,12-2016,4.939663786119362
laja_i,01-2017,3.712637129171816
laja_i,02-2017,3.178571428571428
laja_i,03-2017,8.620238700544046
laja_i,04-2017,6.737812466473175
laja_i,05-2017,20.420192255813774
laja_i,06-2017,19.094066176913454
laja_i,07-2017,3.1523829943641277
laja_i,08-2017,2.766272321428572
laja_i,09-2017,11.877798960451305
laja_i,10-2017,14.223444994679665
laja_i,11-2017,6.894726540763344
laja_i,12-2017,5.262071303441546
laja_i,01-2018,1.7618042883211682
laja_i,02-2018,1.0178571428571423
laja_i,03-2018,9.276919642857143
laja_i,04-2018,6.4956854224983
laja_i,05-2018,6.780771404524943
laja_i,06-2018,14.735306618372016
laja_i,07-2018,14.785632246281054
laja_i,08-2018,7.691264124239405
laja_i,09-2018,11.449363551472002
laja_i,10-2018,9.176710726527045
laja_i,11-2018,5.502086189127529
laja_i,12-2018,4.940619871911752
laja_i,01-2019,0.44252607002593475
laja_i,02-2019,0.92044144230857
laja_i,03-2019,1.8991451612903223
laja_i,04-2019,9.53333333333333
laja_i,05-2019,3.67243817497799
laja_i,06-2019,15.93333333333333
laja_i,07-2019,4.441935483870967
laja_i,08-2019,2.580902253902022
laja_i,09-2019,10.886199814304273
laja_i,10-2019,6.314100000000019
laja_i,11-2019,2.2683477997292147
laja_i,12-2019,0.45568741935483703
laja_i,01-2020,4.210913617678571
laja_i,02-2020,3.886330322142858
laja_i,03-2020,3.7711156517678566
laja_i,04-2020,3.9011801986964283
laja_i,05-2020,4.286469192857143
laja_i,06-2020,8.722980105357141
laja_i,07-2020,26.51307214285714
laja_i,08-2020,9.90042095357143
laja_i,09-2020,6.405898953571431
laja_i,10-2020,6.630412485714286
laja_i,11-2020,5.143017513875002
laja_i,12-2020,3.795740561035714
laja_i,01-2021,3.804533053571429
laja_i,02-2021,3.799681
laja_i,03-2021,3.786872909714286
laja_i,04-2021,3.767226579642857
laja_i,05-2021,4.420456290214286
laja_i,06-2021,17.001411316071433
laja_i,07-2021,4.146793182142858
laja_i,08-2021,9.637708639732143
laja_i,09-2021,8.063718126785714
laja_i,10-2021,5.195498562500001
laja_i,11-2021,3.863316819642857
laja_i,12-2021,3.7859485742142858
laja_i,01-2022,3.800379690851382
laja_i,02-2022,3.78848932593333
laja_i,03-2022,3.77276240695753
laja_i,04-2022,8.633062721869257
laja_i,05-2022,5.096580680130449
laja_i,06-2022,7.3669970845343915
laja_i,07-2022,19.94324403164707
laja_i,08-2022,17.935836017933696
laja_i,09-2022,8.49986648292155
laja_i,10-2022,9.233772688498936
laja_i,11-2022,5.576669982426068
laja_i,12-2022,3.829418285038501
laja_i,01-2023,0.26606111583442976
laja_i,02-2023,2.2620458368758225
laja_i,03-2023,0.0
laja_i,04-2023,1.1612326612094954
laja_i,05-2023,22.938721033883976
laja_i,06-2023,119.98767793999716
laja_i,07-2023,106.14106279983149
laja_i,08-2023,92.7121875
laja_i,09-2023,121.67013392857143
laja_i,10-2023,38.628571428571426
laja_i,11-2023,14.944149207530037
laja_i,12-2023,0.0160611158344297
tucapel,01-1960,33.79606356819099
tucapel,02-1960,42.41345807259658
tucapel,03-1960,46.27323448258855
tucapel,04-1960,31.83486945475995
tucapel,05-1960,22.366071599845306
tucapel,06-1960,69.75940496667741
tucapel,07-1960,80.86223998258043
tucapel,08-1960,66.15469440249413
tucapel,09-1960,60.345859054594925
tucapel,10-1960,44.936236042989016
tucapel,11-1960,30.644132045167073
tucapel,12-1960,29.750124469449016
tucapel,01-1961,32.872506309928156
tucapel,02-1961,34.37450239735557
tucapel,03-1961,31.774310658226263
tucapel,04-1961,50.21320971214418
tucapel,05-1961,43.90537234237999
tucapel,06-1961,55.70477801100898
tucapel,07-1961,27.561957052623498
tucapel,08-1961,37.26647403284322
tucapel,09-1961,34.20322754370293
tucapel,10-1961,34.77530722000952
tucapel,11-1961,33.808427173065425
tucapel,12-1961,32.783641850169104
tucapel,01-1962,47.52345379861721
tucapel,02-1962,40.07981159267052
tucapel,03-1962,41.116982094929874
tucapel,04-1962,15.29837340776843
tucapel,05-1962,23.258675538115014
tucapel,06-1962,21.782504656661708
tucapel,07-1962,26.749926577778588
tucapel,08-1962,25.729732893805135
tucapel,09-1962,26.63205786035766
tucapel,10-1962,54.03572264749364
tucapel,11-1962,49.89410568088931
tucapel,12-1962,47.027577648403934
tucapel,01-1963,62.58425717471009
tucapel,02-1963,44.06044200379759
tucapel,03-1963,33.197881304106865
tucapel,04-1963,29.812282273462205
tucapel,05-1963,20.30544528173974
tucapel,06-1963,16.770340058349838
tucapel,07-1963,54.327971845637045
tucapel,08-1963,57.46345315504021
tucapel,09-1963,76.75240546578064
tucapel,10-1963,58.43907251609646
tucapel,11-1963,101.83132279057776
tucapel,12-1963,90.82496516706678
tucapel,01-1964,32.19049746920051
tucapel,02-1964,8.316968980753103
tucapel,03-1964,18.745784868566304
tucapel,04-1964,22.45424730213077
tucapel,05-1964,27.37913325371979
tucapel,06-1964,21.157030269195108
tucapel,07-1964,26.12408534796601
tucapel,08-1964,28.679617637555683
tucapel,09-1964,43.62381281806789
tucapel,10-1964,58.984960195662
tucapel,11-1964,57.71064240910836
tucapel,12-1964,46.33649578859887
tucapel,01-1965,28.671275595101122
tucapel,02-1965,23.60632642142249
tucapel,03-1965,23.008404768101943
tucapel,04-1965,21.729881686653634
tucapel,05-1965,27.118584961981412
tucapel,06-1965,69.04536119409502
tucapel,07-1965,69.39819123100602
tucapel,08-1965,106.87596361015414
tucapel,09-1965,51.70219706862451
tucapel,10-1965,56.63796608266151
tucapel,11-1965,60.43857255801696
tucapel,12-1965,83.08755455523603
tucapel,01-1966,46.73507622318514
tucapel,02-1966,37.009467713703906
tucapel,03-1966,33.85461537109294
tucapel,04-1966,24.727221943973728
tucapel,05-1966,22.801565276921263
tucapel,06-1966,50.082879565949455
tucapel,07-1966,95.22415230472974
tucapel,08-1966,55.9387484923165
tucapel,09-1966,53.963047289795256
tucapel,10-1966,37.99931977257732
tucapel,11-1966,37.68513372579979
tucapel,12-1966,88.88460339030432
tucapel,01-1967,21.70686375331736
tucapel,02-1967,24.681005385430495
tucapel,03-1967,19.15523903816331
tucapel,04-1967,26.175463032489592
tucapel,05-1967,36.84164593383335
tucapel,06-1967,35.945268105949786
tucapel,07-1967,41.12002078514491
tucapel,08-1967,76.64555213132772
tucapel,09-1967,72.47900252089869
tucapel,10-1967,73.6086914669144
tucapel,11-1967,47.6079166455402
tucapel,12-1967,30.539944413204438
tucapel,01-1968,26.39090524494643
tucapel,02-1968,24.635680280120575
tucapel,03-1968,21.117296932303148
tucapel,04-1968,17.396418410078525
tucapel,05-1968,19.088037491630416
tucapel,06-1968,18.192722646231573
tucapel,07-1968,19.699156310859166
tucapel,08-1968,28.664908242874887
tucapel,09-1968,19.162717809987846
tucapel,10-1968,20.923708127377086
tucapel,11-1968,25.262014111595835
tucapel,12-1968,21.657343488118457
tucapel,01-1969,30.4695657599044
tucapel,02-1969,0.9965991778137664
tucapel,03-1969,7.09913377644556
tucapel,04-1969,23.962399950600762
tucapel,05-1969,51.93047571681829
tucapel,06-1969,63.68425123696635
tucapel,07-1969,15.587515440524282
tucapel,08-1969,61.584299445042014
tucapel,09-1969,32.94192360972995
tucapel,10-1969,11.32349033829522
tucapel,11-1969,3.3076661207140443
tucapel,12-1969,5.100966557713372
tucapel,01-1970,4.4111779382745375
tucapel,02-1970,5.941730473290411
tucapel,03-1970,1.8768735048542586
tucapel,04-1970,7.396016871911038
tucapel,05-1970,4.906937877389913
tucapel,06-1970,34.51443299429964
tucapel,07-1970,32.557194650352315
tucapel,08-1970,47.761958950714096
tucapel,09-1970,15.67580786958509
tucapel,10-1970,13.265498820397008
tucapel,11-1970,11.502706521078437
tucapel,12-1970,17.724368932874224
tucapel,01-1971,7.366511381752547
tucapel,02-1971,25.57487674439143
tucapel,03-1971,9.058752482323928
tucapel,04-1971,0.5179000636392797
tucapel,05-1971,20.707214221841515
tucapel,06-1971,6.015613812635909
tucapel,07-1971,42.89350926668851
tucapel,08-1971,46.67236170327032
tucapel,09-1971,13.73642739435524
tucapel,10-1971,14.9703200225349
tucapel,11-1971,7.087014131958968
tucapel,12-1971,4.113051831430683
tucapel,01-1972,9.894323354988382
tucapel,02-1972,12.611159608924446
tucapel,03-1972,0.953737953567884
tucapel,04-1972,4.068217373886272
tucapel,05-1972,15.107436390927138
tucapel,06-1972,196.80895573442413
tucapel,07-1972,201.11752270779766
tucapel,08-1972,162.6342006598311
tucapel,09-1972,141.53969217308952
tucapel,10-1972,136.1748690475807
tucapel,11-1972,133.88916158621825
tucapel,12-1972,159.67525116622406
tucapel,01-1973,20.90758431495004
tucapel,02-1973,16.420990431306492
tucapel,03-1973,9.04751402340523
tucapel,04-1973,4.441848215524843
tucapel,05-1973,34.28070576305537
tucapel,06-1973,12.728826131840838
tucapel,07-1973,28.688535410665427
tucapel,08-1973,13.217411930983626
tucapel,09-1973,14.489964887942875
tucapel,10-1973,25.28190515759909
tucapel,11-1973,27.700046519597443
tucapel,12-1973,17.907354029044175
tucapel,01-1974,22.851162849757365
tucapel,02-1974,14.84993925242496
tucapel,03-1974,23.70534997944882
tucapel,04-1974,10.330297900232704
tucapel,05-1974,3.069369318660883
tucapel,06-1974,38.47502482762915
tucapel,07-1974,32.03288818202468
tucapel,08-1974,34.035640734118516
tucapel,09-1974,37.28162932245763
tucapel,10-1974,8.646336902544263
tucapel,11-1974,22.53584239791615
tucapel,12-1974,24.679047193103482
tucapel,01-1975,22.354559822074876
tucapel,02-1975,21.025451214491913
tucapel,03-1975,20.00883356097323
tucapel,04-1975,21.373147782175305
tucapel,05-1975,84.69901906639697
tucapel,06-1975,56.82098485333273
tucapel,07-1975,92.52678745679793
tucapel,08-1975,44.92795137001504
tucapel,09-1975,29.341054006171255
tucapel,10-1975,21.863239174888896
tucapel,11-1975,22.530828410126986
tucapel,12-1975,30.29912262952613
tucapel,01-1976,31.49790988373809
tucapel,02-1976,25.315717831148913
tucapel,03-1976,23.554793084819444
tucapel,04-1976,14.264145131701586
tucapel,05-1976,14.967654938852302
tucapel,06-1976,38.03106302470107
tucapel,07-1976,23.071406608604537
tucapel,08-1976,24.109221186651002
tucapel,09-1976,19.634444028038402
tucapel,10-1976,36.28302411359553
tucapel,11-1976,26.932544312299253
tucapel,12-1976,28.079860024085853
tucapel,01-1977,30.781618789002124
tucapel,02-1977,10.197155271443908
tucapel,03-1977,8.90782423958128
tucapel,04-1977,22.123913498000647
tucapel,05-1977,27.86956361460024
tucapel,06-1977,36.30179559214632
tucapel,07-1977,75.39300404462688
tucapel,08-1977,56.930421755389915
tucapel,09-1977,41.78529360397586
tucapel,10-1977,34.02544701665579
tucapel,11-1977,41.01965979261239
tucapel,12-1977,53.879742264228796
tucapel,01-1978,4.35354077878467
tucapel,02-1978,3.152843081823955
tucapel,03-1978,3.0232043801132145
tucapel,04-1978,13.804358416072073
tucapel,05-1978,33.002151961501205
tucapel,06-1978,37.93241075882484
tucapel,07-1978,117.56511423213621
tucapel,08-1978,38.926257916404715
tucapel,09-1978,84.94341747637523
tucapel,10-1978,99.00691862725894
tucapel,11-1978,34.59013490167025
tucapel,12-1978,6.731353326973776
tucapel,01-1979,11.952291471489746
tucapel,02-1979,19.906721923517956
tucapel,03-1979,27.589262367892644
tucapel,04-1979,6.289399516580117
tucapel,05-1979,14.929036186583897
tucapel,06-1979,28.168218740735913
tucapel,07-1979,56.777890194038456
tucapel,08-1979,90.18189453753322
tucapel,09-1979,89.36311484663906
tucapel,10-1979,60.05577706188167
tucapel,11-1979,65.87879813182532
tucapel,12-1979,49.421138618920764
tucapel,01-1980,27.491362421515106
tucapel,02-1980,22.237945078733077
tucapel,03-1980,19.701151297849744
tucapel,04-1980,45.35245950848227
tucapel,05-1980,98.57035759358389
tucapel,06-1980,125.55043817635385
tucapel,07-1980,108.29219433647636
tucapel,08-1980,79.82592600898631
tucapel,09-1980,42.768969713242114
tucapel,10-1980,33.0576596783593
tucapel,11-1980,32.122370739091345
tucapel,12-1980,23.98403913448006
tucapel,01-1981,18.353378934258032
tucapel,02-1981,23.222172869228125
tucapel,03-1981,20.80548358903163
tucapel,04-1981,24.367689361444235
tucapel,05-1981,114.62796259947076
tucapel,06-1981,85.54681505822309
tucapel,07-1981,76.88783954912515
tucapel,08-1981,57.98246233842729
tucapel,09-1981,44.95057583136762
tucapel,10-1981,33.996778972205725
tucapel,11-1981,23.76907011435643
tucapel,12-1981,17.37504254320768
tucapel,01-1982,36.884220259938914
tucapel,02-1982,27.032526161335888
tucapel,03-1982,31.233165764372437
tucapel,04-1982,15.52623552300713
tucapel,05-1982,54.27901745927473
tucapel,06-1982,105.99832654654328
tucapel,07-1982,172.10063530639118
tucapel,08-1982,56.47743723442542
tucapel,09-1982,62.90916430485839
tucapel,10-1982,90.40555986273105
tucapel,11-1982,64.76680484485318
tucapel,12-1982,48.64284113174385
tucapel,01-1983,23.225614463781252
tucapel,02-1983,27.461962947739558
tucapel,03-1983,24.435307132640823
tucapel,04-1983,30.26417707334743
tucapel,05-1983,30.80024541595604
tucapel,06-1983,106.65166605772026
tucapel,07-1983,55.12933603341276
tucapel,08-1983,37.84173614951599
tucapel,09-1983,34.55478694267801
tucapel,10-1983,26.752911093087555
tucapel,11-1983,24.134448104175583
tucapel,12-1983,23.709854094351464
tucapel,01-1984,37.21176864660266
tucapel,02-1984,31.742052826531676
tucapel,03-1984,28.246851809791785
tucapel,04-1984,24.831828650732493
tucapel,05-1984,36.57737962679044
tucapel,06-1984,51.34039970441068
tucapel,07-1984,109.73910259620752
tucapel,08-1984,26.4813336152926
tucapel,09-1984,34.42034147082235
tucapel,10-1984,36.354967069765394
tucapel,11-1984,122.30851809727501
tucapel,12-1984,36.44938701377657
tucapel,01-1985,31.17250716800004
tucapel,02-1985,29.212854068000023
tucapel,03-1985,32.755463598
tucapel,04-1985,22.887375486000018
tucapel,05-1985,44.740949423451625
tucapel,06-1985,53.13745263100001
tucapel,07-1985,79.80003310097392
tucapel,08-1985,44.61692026399993
tucapel,09-1985,48.602419826000016
tucapel,10-1985,46.72656524027875
tucapel,11-1985,48.249450793999976
tucapel,12-1985,34.60945809599998
tucapel,01-1986,13.586886206000038
tucapel,02-1986,11.661624348000055
tucapel,03-1986,10.915216970000039
tucapel,04-1986,35.770485513
tucapel,05-1986,92.21154452848137
tucapel,06-1986,148.5457045636592
tucapel,07-1986,24.847885901714815
tucapel,08-1986,72.24969508800004
tucapel,09-1986,21.559375416000034
tucapel,10-1986,3.085706720999998
tucapel,11-1986,19.041984766751987
tucapel,12-1986,27.51768714700004
tucapel,01-1987,9.50744444299997
tucapel,02-1987,10.875116643999949
tucapel,03-1987,13.822020651999978
tucapel,04-1987,6.373509112000008
tucapel,05-1987,0.6123119509999829
tucapel,06-1987,11.775070156568296
tucapel,07-1987,56.85218027707534
tucapel,08-1987,67.64417462559275
tucapel,09-1987,36.72901306200002
tucapel,10-1987,37.26677673464406
tucapel,11-1987,17.324476713000003
tucapel,12-1987,13.951879972999993
tucapel,01-1988,19.73449982100003
tucapel,02-1988,20.663445543
tucapel,03-1988,24.940175897999964
tucapel,04-1988,9.05259904899998
tucapel,05-1988,6.946645459999982
tucapel,06-1988,26.437963978726216
tucapel,07-1988,36.64234936697595
tucapel,08-1988,73.843554775834
tucapel,09-1988,34.783646840000024
tucapel,10-1988,12.28581534400001
tucapel,11-1988,4.343662422999957
tucapel,12-1988,17.133021541000012
tucapel,01-1989,30.677227483859944
tucapel,02-1989,21.722669589799093
tucapel,03-1989,21.251365904326335
tucapel,04-1989,16.736532016968475
tucapel,05-1989,18.423470518906132
tucapel,06-1989,29.667940998074652
tucapel,07-1989,31.82699617739922
tucapel,08-1989,23.696871029530026
tucapel,09-1989,18.020270398146515
tucapel,10-1989,12.598396743883573
tucapel,11-1989,16.745139838703917
tucapel,12-1989,27.90285794260215
tucapel,01-1990,23.556823329912124
tucapel,02-1990,22.624159432434936
tucapel,03-1990,21.71585917599595
tucapel,04-1990,27.76335224226217
tucapel,05-1990,21.90799729411485
tucapel,06-1990,30.628099892251743
tucapel,07-1990,20.286139996726163
tucapel,08-1990,35.185936659012256
tucapel,09-1990,51.33616517734553
tucapel,10-1990,26.949672940873246
tucapel,11-1990,22.144681212376547
tucapel,12-1990,23.294551873948052
tucapel,01-1991,33.42611936587773
tucapel,02-1991,23.518884234119025
tucapel,03-1991,24.03936869654741
tucapel,04-1991,13.245325511037091
tucapel,05-1991,94.21232542501826
tucapel,06-1991,47.08108291634243
tucapel,07-1991,52.87478344170547
tucapel,08-1991,43.20650608950197
tucapel,09-1991,43.72271990559632
tucapel,10-1991,30.59871607607998
tucapel,11-1991,32.509153693453996
tucapel,12-1991,36.162284934894
tucapel,01-1992,27.04919167342743
tucapel,02-1992,28.57245500914408
tucapel,03-1992,31.13921980211959
tucapel,04-1992,23.526867814461482
tucapel,05-1992,100.5226556250185
tucapel,06-1992,108.98443519650226
tucapel,07-1992,64.57824243005597
tucapel,08-1992,36.28489977761561
tucapel,09-1992,26.917712370840025
tucapel,10-1992,26.803888192339002
tucapel,11-1992,24.454946309633975
tucapel,12-1992,26.372764677588982
tucapel,01-1993,24.838383472890563
tucapel,02-1993,29.006433556228558
tucapel,03-1993,24.30329506499056
tucapel,04-1993,23.622045162621998
tucapel,05-1993,73.45235058797907
tucapel,06-1993,168.72216858824368
tucapel,07-1993,106.385824694848
tucapel,08-1993,90.5299389715773
tucapel,09-1993,38.692249319352705
tucapel,10-1993,25.787300801052005
tucapel,11-1993,17.81448451242899
tucapel,12-1993,21.58933613451798
tucapel,01-1994,29.50355380610467
tucapel,02-1994,36.207244270184816
tucapel,03-1994,37.43387239058072
tucapel,04-1994,32.839774429881096
tucapel,05-1994,39.249824501126874
tucapel,06-1994,52.69219736981884
tucapel,07-1994,100.59841436946122
tucapel,08-1994,43.90598674475099
tucapel,09-1994,49.79451768192875
tucapel,10-1994,42.21235831424794
tucapel,11-1994,28.38734721889712
tucapel,12-1994,34.020878952238995
tucapel,01-1995,38.31521331921913
tucapel,02-1995,44.24000264870644
tucapel,03-1995,41.36811635776373
tucapel,04-1995,13.671045259824496
tucapel,05-1995,19.947568569223023
tucapel,06-1995,50.91486486547081
tucapel,07-1995,38.20952411170518
tucapel,08-1995,31.36932383782355
tucapel,09-1995,40.8121443323637
tucapel,10-1995,48.49425071247407
tucapel,11-1995,34.46615421426571
tucapel,12-1995,34.99546975364909
tucapel,01-1996,36.45045664642724
tucapel,02-1996,36.34801648368947
tucapel,03-1996,32.94499430017812
tucapel,04-1996,21.75939681302226
tucapel,05-1996,19.020966616768447
tucapel,06-1996,22.845886138037457
tucapel,07-1996,63.20365655455923
tucapel,08-1996,48.48978216150343
tucapel,09-1996,72.28719691879513
tucapel,10-1996,57.286200871765345
tucapel,11-1996,72.19139396825639
tucapel,12-1996,62.63655940449851
tucapel,01-1997,20.843296496312217
tucapel,02-1997,31.02280896707267
tucapel,03-1997,33.18652597930823
tucapel,04-1997,40.62970146075908
tucapel,05-1997,43.30201924864624
tucapel,06-1997,99.06877013767186
tucapel,07-1997,76.14511247851003
tucapel,08-1997,71.45235985610833
tucapel,09-1997,89.49275880030119
tucapel,10-1997,55.05387262808662
tucapel,11-1997,46.8104805419547
tucapel,12-1997,27.228593895966107
tucapel,01-1998,19.421409942849593
tucapel,02-1998,18.563391162266715
tucapel,03-1998,19.873377646053427
tucapel,04-1998,65.37644254302137
tucapel,05-1998,42.86976234002992
tucapel,06-1998,35.139399911429805
tucapel,07-1998,36.87709853506734
tucapel,08-1998,40.187009913593855
tucapel,09-1998,31.497041097801407
tucapel,10-1998,15.888354766331517
tucapel,11-1998,21.03362388687275
tucapel,12-1998,18.19121707294742
tucapel,01-1999,25.61612836326407
tucapel,02-1999,38.91212661583752
tucapel,03-1999,25.662023063185885
tucapel,04-1999,11.605728729676061
tucapel,05-1999,23.927588194531673
tucapel,06-1999,45.855880158766155
tucapel,07-1999,47.147261590151814
tucapel,08-1999,66.55172320645164
tucapel,09-1999,113.30107253002998
tucapel,10-1999,36.61531119160158
tucapel,11-1999,31.65185302103202
tucapel,12-1999,23.243615750617504
tucapel,01-2000,26.05072304961393
tucapel,02-2000,18.239699338397312
tucapel,03-2000,19.200638677791794
tucapel,04-2000,11.39177426777858
tucapel,05-2000,19.628068683621066
tucapel,06-2000,132.67465153123567
tucapel,07-2000,120.14238511868284
tucapel,08-2000,51.589252316041296
tucapel,09-2000,76.24118516762914
tucapel,10-2000,54.03911321311402
tucapel,11-2000,35.5345697677362
tucapel,12-2000,25.336323405644585
tucapel,01-2001,32.04439464808095
tucapel,02-2001,35.42879304692447
tucapel,03-2001,30.42248682988438
tucapel,04-2001,12.93830991845031
tucapel,05-2001,105.3361393753579
tucapel,06-2001,75.30636552524942
tucapel,07-2001,204.55199116516405
tucapel,08-2001,101.48088817868722
tucapel,09-2001,55.555703035353325
tucapel,10-2001,33.52335895670977
tucapel,11-2001,28.455883035765677
tucapel,12-2001,33.23985781111808
tucapel,01-2002,9.067788106731554
tucapel,02-2002,26.92683340545532
tucapel,03-2002,28.72162599122851
tucapel,04-2002,34.051999992190666
tucapel,05-2002,37.76367490898474
tucapel,06-2002,66.67850487104634
tucapel,07-2002,42.7236863025818
tucapel,08-2002,58.18054436258923
tucapel,09-2002,53.61516867044192
tucapel,10-2002,79.96955028519581
tucapel,11-2002,5.255058686983923
tucapel,12-2002,44.305688293787135
tucapel,01-2003,14.633327524433685
tucapel,02-2003,24.09920183386951
tucapel,03-2003,23.056091438678912
tucapel,04-2003,26.29202435899776
tucapel,05-2003,21.386220426823275
tucapel,06-2003,55.1840886348297
tucapel,07-2003,37.07349587026
tucapel,08-2003,17.400419953408985
tucapel,09-2003,17.819484796167675
tucapel,10-2003,18.943691724707254
tucapel,11-2003,20.255774089666872
tucapel,12-2003,11.567222257881971
tucapel,01-2004,27.28096580718082
tucapel,02-2004,33.722935691240906
tucapel,03-2004,32.473360899418026
tucapel,04-2004,24.134326728230377
tucapel,05-2004,6.814666903655961
tucapel,06-2004,22.007834736963314
tucapel,07-2004,73.42214054187758
tucapel,08-2004,51.43181730880812
tucapel,09-2004,41.416426396526106
tucapel,10-2004,19.916880540056454
tucapel,11-2004,42.744414493748216
tucapel,12-2004,32.51268706126114
tucapel,01-2005,28.1737587212587
tucapel,02-2005,29.10658805975309
tucapel,03-2005,26.553878144785475
tucapel,04-2005,23.948948586961745
tucapel,05-2005,60.38259592111112
tucapel,06-2005,80.32997845845622
tucapel,07-2005,79.29388398521859
tucapel,08-2005,75.61138008132234
tucapel,09-2005,60.7842959147559
tucapel,10-2005,17.540980430280857
tucapel,11-2005,27.193506353251557
tucapel,12-2005,31.747224964888467
tucapel,01-2006,23.273682989174084
tucapel,02-2006,18.157432115341408
tucapel,03-2006,12.65992331405126
tucapel,04-2006,12.333832750358525
tucapel,05-2006,14.159472406965232
tucapel,06-2006,47.82245400246347
tucapel,07-2006,92.17705679883564
tucapel,08-2006,96.5758060553661
tucapel,09-2006,77.03566567088119
tucapel,10-2006,48.120522478884716
tucapel,11-2006,29.006927932913673
tucapel,12-2006,30.610585669879804
tucapel,01-2007,3.764437215516354
tucapel,02-2007,3.2128607411912102
tucapel,03-2007,4.175773646084696
tucapel,04-2007,24.091294937131174
tucapel,05-2007,23.597013834138263
tucapel,06-2007,24.042895224951174
tucapel,07-2007,57.28178669605752
tucapel,08-2007,39.39547833338855
tucapel,09-2007,37.62421394012129
tucapel,10-2007,32.15164520960584
tucapel,11-2007,12.64183692022548
tucapel,12-2007,2.34819035472114
tucapel,01-2008,26.187746421346425
tucapel,02-2008,22.32069124396741
tucapel,03-2008,10.190275355843413
tucapel,04-2008,18.709851815404164
tucapel,05-2008,35.95423211232634
tucapel,06-2008,69.35709248525828
tucapel,07-2008,77.21318988529617
tucapel,08-2008,97.21232081037016
tucapel,09-2008,77.99399575714196
tucapel,10-2008,59.28554002205641
tucapel,11-2008,49.777849286473085
tucapel,12-2008,23.102507293342832
tucapel,01-2009,27.241361509315634
tucapel,02-2009,31.11757709346758
tucapel,03-2009,31.072347805462808
tucapel,04-2009,21.322166614120114
tucapel,05-2009,27.768948876676955
tucapel,06-2009,25.847682718131637
tucapel,07-2009,38.15091216090368
tucapel,08-2009,43.71264640358814
tucapel,09-2009,36.44617493477497
tucapel,10-2009,32.22259513057148
tucapel,11-2009,18.594958897878975
tucapel,12-2009,22.86891552705442
tucapel,01-2010,19.196268540533048
tucapel,02-2010,17.681800437077698
tucapel,03-2010,19.10253515189207
tucapel,04-2010,20.420687756830603
tucapel,05-2010,4.376299260746634
tucapel,06-2010,1.8575707188014536
tucapel,07-2010,19.90494030636831
tucapel,08-2010,16.54088762180994
tucapel,09-2010,17.006538408921173
tucapel,10-2010,9.175144479499998
tucapel,11-2010,13.390013507836867
tucapel,12-2010,15.66011784160633
tucapel,01-2011,30.961176365661274
tucapel,02-2011,28.986664457802163
tucapel,03-2011,21.236950030069426
tucapel,04-2011,29.71215334945734
tucapel,05-2011,24.806053292997632
tucapel,06-2011,41.030869168590684
tucapel,07-2011,39.33516863007675
tucapel,08-2011,54.942318355745925
tucapel,09-2011,54.06410582971197
tucapel,10-2011,45.820872332398885
tucapel,11-2011,53.219503021585695
tucapel,12-2011,36.61065239427814
tucapel,01-2012,25.853656391090126
tucapel,02-2012,26.11232120666586
tucapel,03-2012,22.992213039878255
tucapel,04-2012,17.407150578999016
tucapel,05-2012,20.687239883661938
tucapel,06-2012,28.95460428334689
tucapel,07-2012,40.19716824529218
tucapel,08-2012,18.93431382359582
tucapel,09-2012,23.602167740925427
tucapel,10-2012,20.009595612580558
tucapel,11-2012,25.601249154171253
tucapel,12-2012,29.27109141797225
tucapel,01-2013,21.86100870534168
tucapel,02-2013,27.171847575083014
tucapel,03-2013,22.746152370052275
tucapel,04-2013,23.395026962397885
tucapel,05-2013,16.97292028275834
tucapel,06-2013,37.062202501924034
tucapel,07-2013,10.506771990018613
tucapel,08-2013,27.710849480189317
tucapel,09-2013,43.66659233698157
tucapel,10-2013,23.72483141803965
tucapel,11-2013,14.431583576403412
tucapel,12-2013,15.916734051244934
tucapel,01-2014,13.663710546236672
tucapel,02-2014,20.891239855346832
tucapel,03-2014,30.614756288661702
tucapel,04-2014,33.46289596882572
tucapel,05-2014,28.998750162024383
tucapel,06-2014,50.44644750000003
tucapel,07-2014,34.911270986140885
tucapel,08-2014,89.22961999599568
tucapel,09-2014,39.66406927688699
tucapel,10-2014,42.867564761768996
tucapel,11-2014,25.680167010602283
tucapel,12-2014,14.783315972794767
tucapel,01-2015,4.004070831350619
tucapel,02-2015,0.0
tucapel,03-2015,0.0
tucapel,04-2015,0.0
tucapel,05-2015,0.0
tucapel,06-2015,37.79049228363409
tucapel,07-2015,81.0716325986811
tucapel,08-2015,194.45429558426494
tucapel,09-2015,125.49331949889114
tucapel,10-2015,98.11739206061223
tucapel,11-2015,70.9736545574568
tucapel,12-2015,21.06912649660794
tucapel,01-2016,7.6877537638052225
tucapel,02-2016,6.697583768135558
tucapel,03-2016,5.659244450176491
tucapel,04-2016,5.317572305027549
tucapel,05-2016,3.2509586162032122
tucapel,06-2016,8.194449607124653
tucapel,07-2016,33.547212289293995
tucapel,08-2016,81.65525710066971
tucapel,09-2016,35.42084954903895
tucapel,10-2016,30.693120618231116
tucapel,11-2016,15.163967648961087
tucapel,12-2016,1.195629610208203
tucapel,01-2017,18.153432303046426
tucapel,02-2017,31.425723127256468
tucapel,03-2017,24.10685868274016
tucapel,04-2017,0.0
tucapel,05-2017,18.1949761719137
tucapel,06-2017,121.4422652166979
tucapel,07-2017,2.56092794517064
tucapel,08-2017,20.032649035040507
tucapel,09-2017,5.841647385849615
tucapel,10-2017,57.141022507040375
tucapel,11-2017,54.36091697235793
tucapel,12-2017,20.518554861252575
tucapel,01-2018,23.64439341557646
tucapel,02-2018,28.667863137835024
tucapel,03-2018,27.854876742546956
tucapel,04-2018,8.566116599947135
tucapel,05-2018,5.696578876597654
tucapel,06-2018,0.0
tucapel,07-2018,0.0
tucapel,08-2018,0.0
tucapel,09-2018,10.39523045970964
tucapel,10-2018,48.79358212480125
tucapel,11-2018,38.7751088031242
tucapel,12-2018,11.415344158640632
tucapel,01-2019,25.90197628140988
tucapel,02-2019,24.572113154213355
tucapel,03-2019,27.560985069976784
tucapel,04-2019,20.040947842127974
tucapel,05-2019,30.493608393152186
tucapel,06-2019,50.72495366473808
tucapel,07-2019,62.19546834797225
tucapel,08-2019,21.806130007725343
tucapel,09-2019,12.217705368685886
tucapel,10-2019,36.51939966341122
tucapel,11-2019,17.541394028157317
tucapel,12-2019,16.696336594560663
tucapel,01-2020,30.439579457738105
tucapel,02-2020,30.18197923305305
tucapel,03-2020,23.42365138144666
tucapel,04-2020,21.99006600773816
tucapel,05-2020,26.102757698576077
tucapel,06-2020,39.909531026756255
tucapel,07-2020,119.45246131192613
tucapel,08-2020,79.27069392685432
tucapel,09-2020,56.753648453123425
tucapel,10-2020,44.71269868951613
tucapel,11-2020,32.8091437065424
tucapel,12-2020,11.876433930866712
tucapel,01-2021,4.467180830114295
tucapel,02-2021,2.778742734392311
tucapel,03-2021,0.0
tucapel,04-2021,0.0
tucapel,05-2021,9.610977348462031
tucapel,06-2021,60.994056770627225
tucapel,07-2021,11.139331724999867
tucapel,08-2021,35.14518657378636
tucapel,09-2021,44.88201436107634
tucapel,10-2021,26.08268271731611
tucapel,11-2021,5.057115003376392
tucapel,12-2021,0.0
tucapel,01-2022,20.88755512263352
tucapel,02-2022,21.364613820253634
tucapel,03-2022,20.23782939527836
tucapel,04-2022,36.63207438010734
tucapel,05-2022,27.92381106784147
tucapel,06-2022,47.44336344308484
tucapel,07-2022,104.54289558791913
tucapel,08-2022,95.41889827772647
tucapel,09-2022,47.00132414462955
tucapel,10-2022,44.55365697763714
tucapel,11-2022,27.20616682311868
tucapel,12-2022,14.231722958823608
tucapel,01-2023,17.118089035714274
tucapel,02-2023,25.639427305571743
tucapel,03-2023,28.905168679858985
tucapel,04-2023,22.02540816612802
tucapel,05-2023,28.117425866752416
tucapel,06-2023,121.26029006762175
tucapel,07-2023,54.39202153723038
tucapel,08-2023,122.08652554464281
tucapel,09-2023,97.67248364285717
tucapel,10-2023,5.776209928571422
tucapel,11-2023,0.0
tucapel,12-2023,0.0
